Database Individual number,Site_code,Sample_ID,Site,Region,Subregion,Agriculture,Prefecture,Long,Lat,Phase,Phase II,Period Code,Absolute chronology?,Typology,Form,Ceramic type,Concentration,d13C16,d13C18,bigD,TMTD,Pristanic,Phytanic,Percent_SRR,EH,APAA,EH_RM,APAA_C20_18,APAA_C20,Aquatic,Miliacin,PS,TAGS,SE
ENC003,ASA,ASA001IAE,Asahi,Chubu,Tokai,yes,Aichi,35.13,136.51,Late Yayoi,Late Yayoi (V),,,Unknown,Cooking vessel,ceramic powder,8,,,,no,no,yes,32.9,,no,no ,,no,no,no,1.13,no,yes
ENC004,ASA,ASA002IAE,Asahi,Chubu,Tokai,yes,Aichi,35.13,136.51,Late Yayoi,Late Yayoi (V),,,Unknown,Cooking vessel,ceramic powder,8,,,,no,no,no,,,no,no ,,no,no,no,1.06,no,yes
ENC005,ASA,ASA003IAE,Asahi,Chubu,Tokai,yes,Aichi,35.13,136.51,Middle Yayoi,Middle Yayoi (II),,,Jokonmon,Cooking vessel,ceramic powder,50,-25.316,-26.704,-1.388,no,no,no,,,no,no ,,no,no,no,0.61,no,
ENC006,ASA,ASA004IAE,Asahi,Chubu,Tokai,yes,Aichi,35.1331,136.5121,Middle Yayoi,Middle Yayoi (IV),,,Jokonmon,Cooking vessel,ceramic powder,10,,,,no,no,yes,57.0,,no,no ,,no,no,no,1.00,yes,yes
ENC007,ASA,ASA005IAE,Asahi,Chubu,Tokai,yes,Aichi,35.1331,136.5121,Early to Middle Yayoi,Early (I) to Middle (II) Yayoi,,,Jokonmon,Cooking vessel,ceramic powder,1660,-27.03,-26.231,0.799,no,no,no,,8.9,yes,yes ,0.052,yes,yes,no,1.39,no,
ENC008,ASA,ASA006IAE,Asahi,Chubu,Tokai,yes,Aichi,35.1331,136.5121,Middle Yayoi,Middle Yayoi (III-IV),,,Ongagawa,Cooking vessel,ceramic powder,10,,,,no,no,no,,,no,no ,,no,no,no,1.58,no,
ENC009,ASA,ASA007IAE,Asahi,Chubu,Tokai,yes,Aichi,35.1331,136.5121,Final Yayoi to Kofun,Final Yayoi to Kofun,,,Unknown,Cooking vessel,ceramic powder,13,,,,no,no,yes,47.9,,no,no ,,no,no,no,2.02,no,yes
ENC010,ASA,ASA008IAE,Asahi,Chubu,Tokai,yes,Aichi,35.1331,136.5121,Middle Yayoi,Middle Yayoi (III),,,Ongagawa,Cooking vessel,ceramic powder,7,,,,no,no,yes,58.1,7.6,yes,yes,,no,no,no,0.26,no,
ENC011,ASA,ASA009IAE,Asahi,Chubu,Tokai,yes,Aichi,35.1331,136.5121,Middle Yayoi,Middle Yayoi (III),,,Ongagawa,Cooking vessel,ceramic powder,2,,,,no,no,no,,,no,no ,,no,no,no,,no,
ENC012,ASA,ASA010IAE,Asahi,Chubu,Tokai,yes,Aichi,35.1331,136.5121,Late Yayoi,Late Yayoi (V),,,Unknown,Jar,ceramic powder,5,,,,yes,no,no,,,no,no ,,no,no,no,0.17,no,yes
ENC013,ASA,ASA011IAE,Asahi,Chubu,Tokai,yes,Aichi,35.1331,136.5121,Middle Yayoi,Middle Yayoi (II),,,Jokonmon,Cooking vessel,ceramic powder,146,-25.962,-26.06,-0.098,yes,no,yes,76.0,11.4,yes,yes,0.046,yes,no,no,1.20,no,
ENC014,ASA,ASA012IAE,Asahi,Chubu,Tokai,yes,Aichi,35.1331,136.5121,Final Yayoi to Kofun,Final Yayoi to Kofun,,,Unknown,Bowl,ceramic powder,4,-26.327,-26.649,-0.322,no,yes,no,,,no,no ,,no,no,no,,no,
ENC015,ASA,ASA013IAE,Asahi,Chubu,Tokai,yes,Aichi,35.1331,136.5121,Final Yayoi to Kofun,Final Yayoi to Kofun,,,Unknown,Cooking vessel,ceramic powder,3,,,,yes,yes,no,,,no,no ,,no,no,no,,no,yes
ENC016,ASA,ASA014IAE,Asahi,Chubu,Tokai,yes,Aichi,35.1331,136.5121,Middle Yayoi,Middle Yayoi (IV),,,Unknown,Cooking vessel,ceramic powder,121,-27.409,-28.055,-0.646,no,no,no,,,no,no ,,no,no,no,1.87,no,
ENC017,ASA,ASA015IAE,Asahi,Chubu,Tokai,yes,Aichi,35.1331,136.5121,Middle Yayoi,Middle Yayoi (III-IV),,,Jokonmon,Cooking vessel,ceramic powder,7,-27.653,-28.053,-0.4,no,yes,no,,,no,no ,,no,no,yes,1.11,no,
ENC018,ASA,ASA016IAE,Asahi,Chubu,Tokai,yes,Aichi,35.1331,136.5121,Middle Yayoi,Middle Yayoi (II),,,Ongagawa,Cooking vessel,ceramic powder,7,,,,no,no,no,,,no,no ,,no,no,no,0.94,no,
ENC019,ASA,ASA017IAE,Asahi,Chubu,Tokai,yes,Aichi,35.1331,136.5121,Middle Yayoi,Middle Yayoi (III),,,Ongagawa,Cooking vessel,ceramic powder,44,-27.659,-27.399,0.26,no,yes,yes,41.9,,no,no ,,no,no,no,1.19,no,
ENC020,ASA,ASA018IAE,Asahi,Chubu,Tokai,yes,Aichi,35.1331,136.5121,Middle Yayoi,Middle Yayoi (II),,,Jokonmon,Cooking vessel,ceramic powder,57,-26.616,-26.89,-0.274,yes,no,yes,78.3,4.7,yes,no ,0.113,yes,yes,no,1.17,no,
ENC021,ASA,ASA019IAE,Asahi,Chubu,Tokai,yes,Aichi,35.1331,136.5121,Middle Yayoi,Middle Yayoi (II),,,Unknown,Cooking vessel,ceramic powder,15,-28.153,-28.761,-0.608,no,no,yes,82.6,3.4,yes,no ,0.098,yes,yes,no,0.98,no,
ENC022,ASA,ASA020IAE,Asahi,Chubu,Tokai,yes,Aichi,35.1331,136.5121,Middle Yayoi,Middle Yayoi (II),,,Jokonmon,Cooking vessel,ceramic powder,9,-27.868,-28.634,-0.766,no,no,no,,,no,no ,,no,no,no,1.02,no,yes
ENC023,ASA,ASA021IAE,Asahi,Chubu,Tokai,yes,Aichi,35.1331,136.5121,Early Yayoi,Early Yayoi (I),,,Ongagawa,Cooking vessel,ceramic powder,5,,,,no,no,yes,,,no,no ,,no,no,no,,no,
ENC024,ASA,ASA022IAE,Asahi,Chubu,Tokai,yes,Aichi,35.1331,136.5121,Early Yayoi,Early Yayoi (I),,,Ongagawa,Cooking vessel,ceramic powder,43,-30.305,-29.899,0.406,no,no,no,,,no,no ,,no,no,no,0.80,yes,yes
ENC025,ASA,ASA023IAE,Asahi,Chubu,Tokai,yes,Aichi,35.1331,136.5121,Early Yayoi,Early Yayoi (I),,,Ongagawa,Bowl,ceramic powder,39,,,,no,,yes,80.0,,no,no ,,no,no,no,0.99,yes,yes
ENC026,ASA,ASA024IAE,Asahi,Chubu,Tokai,yes,Aichi,35.1331,136.5121,Middle Yayoi,Middle Yayoi (II),,,Jokonmon,Cooking vessel,ceramic powder,24,-20.529,-24.544,-4.015,no,no,yes,82.3,,no,no ,,no,no,no,1.82,yes,yes
ENC027,ASA,ASA025IAE,Asahi,Chubu,Tokai,yes,Aichi,35.1331,136.5121,Early Yayoi,Early Yayoi (I),,,Ongagawa,Cooking vessel,ceramic powder,9,-29.47,-29.46,0.01,no,no,yes,77.8,,no,no ,,no,no,no,0.62,no,
ENC028,ASA,ASA026IAE,Asahi,Chubu,Tokai,yes,Aichi,35.1331,136.5121,Early Yayoi,Early Yayoi (I),,,Ongagawa,Cooking vessel,ceramic powder,2,,,,no,no,no,,,no,no ,,no,no,no,,no,
ENC029,ASA,ASA027IAE,Asahi,Chubu,Tokai,yes,Aichi,35.1331,136.5121,Early Yayoi,Early Yayoi (I),,,Ongagawa,Jar,ceramic powder,5,-29.644,-29.395,0.249,no,no,no,,,no,no ,,no,no,no,,no,
ENC030,ASA,ASA028IAE,Asahi,Chubu,Tokai,yes,Aichi,35.1331,136.5121,Early Yayoi,Early Yayoi (I),,,Ongagawa,Cooking vessel,ceramic powder,24,-28.95,-31.49,-2.54,no,no,no,,6.8,yes,yes,,no,no,no,0.69,yes,yes
ENC031,ASA,ASA029IAE,Asahi,Chubu,Tokai,yes,Aichi,35.1331,136.5121,Middle Yayoi,Middle Yayoi (II),,,Ongagawa,Cooking vessel,ceramic powder,25,-29.865,-29.799,0.066,no,no,no,,,no,no ,,no,no,no,0.69,no,
ENC032,ASA,ASA030IAE,Asahi,Chubu,Tokai,yes,Aichi,35.1331,136.5121,Middle Yayoi,Middle Yayoi (II),,,Ongagawa,Cooking vessel,ceramic powder,7,-29.937,-29.649,0.288,no,no,no,,,no,no ,,no,no,no,0.68,no,yes
ENC033,ASA,ASA031IAE,Asahi,Chubu,Tokai,yes,Aichi,35.1331,136.5121,Early Yayoi,Early Yayoi (I),,,Ongagawa,Cooking vessel,ceramic powder,10,-26.755,-27.078,-0.323,no,yes,no,,4.0,yes,no ,0.219,yes,yes,no,1.20,no,
ENC034,ASA,ASA032IAE,Asahi,Chubu,Tokai,yes,Aichi,35.1331,136.5121,Middle Yayoi,Middle Yayoi (II),,,Ongagawa,Cooking vessel,ceramic powder,4,,,,no,no,yes,,,no,no ,,no,no,no,,no,
ENC035,ASA,ASA033IAE,Asahi,Chubu,Tokai,yes,Aichi,35.1331,136.5121,Early Yayoi,Early Yayoi (I),,,Jokonmon,Cooking vessel,ceramic powder,30,-27.323,-29.438,-2.115,no,no,no,,,no,no ,,no,no,no,0.79,no,
ENC036,ASA,ASA034IAE,Asahi,Chubu,Tokai,yes,Aichi,35.1331,136.5121,Early Yayoi,Early Yayoi (I),,,Ongagawa,Bowl,ceramic powder,9,-27.988,-28.245,-0.257,no,no,no,,,no,no ,,no,no,no,1.29,no,
ENC037,ASA,ASA035IAE,Asahi,Chubu,Tokai,yes,Aichi,35.1331,136.5121,Middle Yayoi,Middle Yayoi (II),,,Jokonmon,Cooking vessel,ceramic powder,8,-29.881,-29.894,-0.013,no,no,no,,,no,no ,,no,no,no,0.56,no,
ENC038,ASA,ASA036IAE,Asahi,Chubu,Tokai,yes,Aichi,35.1331,136.5121,Middle Yayoi,Middle Yayoi (II),,,Unknown,Bowl,ceramic powder,23,-24.738,-26.002,-1.264,no,no,yes,80.7,,no,no ,,no,no,no,0.99,no,
ENC039,ASA,ASA037IAE,Asahi,Chubu,Tokai,yes,Aichi,35.1331,136.5121,Middle Yayoi,Middle Yayoi (II),,,Jokonmon,Cooking vessel,ceramic powder,12,-28.812,-29.211,-0.399,no,no,no,,,no,no ,,no,no,no,0.53,no,yes
ENC040,ASA,ASA038IAE,Asahi,Chubu,Tokai,yes,Aichi,35.1331,136.5121,Early Yayoi,Early Yayoi (I),,,Ongagawa,Cooking vessel,ceramic powder,148,-30.979,-34.054,-3.075,no,no,yes,77.1,1.4,yes,no ,,no,no,no,0.69,no,
ENC041,ASA,ASA039IAE,Asahi,Chubu,Tokai,yes,Aichi,35.1331,136.5121,Early Yayoi,Early Yayoi (I),,,Ongagawa,Bowl,ceramic powder,18,-29.908,-29.906,0.002,no,no,no,,,no,no ,,no,no,no,0.74,no,
ENC042,ASA,ASA040IAE,Asahi,Chubu,Tokai,yes,Aichi,35.1331,136.5121,Early Yayoi,Early Yayoi (I),,,Ongagawa,Cooking vessel,ceramic powder,7,-29.758,-29.74,0.018,no,no,no,,,no,no ,,no,no,no,0.58,no,
ENC043,ASA,ASA041IAE,Asahi,Chubu,Tokai,yes,Aichi,35.1331,136.5121,Early Yayoi,Early Yayoi (I),,,Ongagawa,Cooking vessel,ceramic powder,54,-26.298,-26.173,0.125,no,no,no,,,no,no ,,no,no,no,1.21,no,
ENC044,ASA,ASA042IAE,Asahi,Chubu,Tokai,yes,Aichi,35.1331,136.5121,Middle Yayoi,Middle Yayoi (II),,,Ongagawa,Cooking vessel,ceramic powder,23,-30.14,-29.813,0.327,no,no,no,,,no,no ,,no,no,no,0.81,no,
ENC045,ASA,ASA043IAE,Asahi,Chubu,Tokai,yes,Aichi,35.1331,136.5121,Early Yayoi,Early Yayoi (I),,,Ongagawa,Jar,ceramic powder,9,-29.652,-29.657,-0.005,no,no,no,,,no,no ,,no,no,no,0.76,no,
ENC046,ASA,ASA044IAE,Asahi,Chubu,Tokai,yes,Aichi,35.1331,136.5121,Early Yayoi,Early Yayoi (I),,,Ongagawa,Jar,ceramic powder,6,-29.589,-29.577,0.012,no,no,no,,,no,no ,,no,no,no,0.57,no,yes
ENC047,ASA,ASA045IAE,Asahi,Chubu,Tokai,yes,Aichi,35.1331,136.5121,Early Yayoi,Early Yayoi (I),,,Ongagawa,Jar,ceramic powder,4,,,,no,no,no,,,no,no ,,no,no,no,,no,
ENC048,ASA,ASA046IAE,Asahi,Chubu,Tokai,yes,Aichi,35.1331,136.5121,Early Yayoi,Early Yayoi (I),,,Ongagawa,Jar,ceramic powder,39,-30.317,-30.118,0.199,no,no,no,,,no,no ,,no,no,no,0.76,no,yes
ENC049,ASA,ASA047IAE,Asahi,Chubu,Tokai,yes,Aichi,35.1331,136.5121,Early Yayoi,Early Yayoi (I),,,Ongagawa,Jar,ceramic powder,37,-26.833,-26.82,0.013,no,no,yes,89.2,,no,no ,,no,no,no,2.02,no,yes
ENC050,ASA,ASA048IAE,Asahi,Chubu,Tokai,yes,Aichi,35.1331,136.5121,Early Yayoi,Early Yayoi (I),,,Ongagawa,Jar,ceramic powder,9,-28.863,-28.034,0.829,no,no,no,,,no,no ,,no,no,yes,1.49,no,yes
ENC051,ASA,ASA049IAE,Asahi,Chubu,Tokai,yes,Aichi,35.1331,136.5121,Middle Yayoi,Middle Yayoi (II),,,Jokonmon,Cooking vessel,ceramic powder,356,-26.791,-25.869,0.922,no,no,no,,,no,no ,,no,no,no,1.15,no,
ENC052,ASA,ASA050IAE,Asahi,Chubu,Tokai,yes,Aichi,35.1331,136.5121,Middle Yayoi,Middle Yayoi (II),,,Unknown,Bowl,ceramic powder,4,,,,no,no,yes,,,no,no ,,no,no,no,,no,
ENC053,ASA,ASA051IAE,Asahi,Chubu,Tokai,yes,Aichi,35.1331,136.5121,Early Yayoi,Early Yayoi (I),,,Ongagawa,Cooking vessel,ceramic powder,34,-28.384,-29.006,-0.622,no,no?,yes,65.8,,no,no ,,no,no,no,0.66,yes,yes
ENC054,ASA,ASA052IAE,Asahi,Chubu,Tokai,yes,Aichi,35.1331,136.5121,Middle Yayoi,Middle Yayoi (II),,,Jokonmon,Cooking vessel,ceramic powder,16,-28.205,-28.818,-0.613,no,no,yes,80.2,,no,no ,,no,no,no,0.78,no,yes
ENC055,ASA,ASA053IAE,Asahi,Chubu,Tokai,yes,Aichi,35.1331,136.5121,Middle Yayoi,Middle Yayoi (II),,,Jokonmon,Cooking vessel,ceramic powder,104,-26.551,-25.578,0.973,no,no,no,,,no,no ,,no,no,no,0.94,yes,yes
ENC056,ASA,ASA054IAE,Asahi,Chubu,Tokai,yes,Aichi,35.1331,136.5121,Middle Yayoi,Middle Yayoi (II),,,Ongagawa,Bowl,ceramic powder,51,-22.227,-27.954,-5.727,no,no,yes,78.4,,no,no ,,no,no,no,1.44,yes,yes
ENC057,ASA,ASA055IAE,Asahi,Chubu,Tokai,yes,Aichi,35.1331,136.5121,Early Yayoi,Early Yayoi (I),,,Ongagawa,Cooking vessel,ceramic powder,10,-28.555,-29.173,-0.618,no,yes,no,,,no,no ,,no,no,no,0.72,no,
ENC058,ASA,ASA056IAE,Asahi,Chubu,Tokai,yes,Aichi,35.1331,136.5121,Early Yayoi,Early Yayoi (I),,,Ongagawa,Cooking vessel,ceramic powder,43,-29.607,-29.451,0.156,no,no,yes,65.2,,no,no ,,no,no,no,0.91,yes,yes
ENC059,ASA,ASA057IAE,Asahi,Chubu,Tokai,yes,Aichi,35.1331,136.5121,Middle Yayoi,Middle Yayoi (II),,,Jokonmon,Jar,ceramic powder,25,-29.754,-29.576,0.178,no,no,no,,,no,no ,,no,no,no,0.69,no,yes
ENC060,ASA,ASA058IAE,Asahi,Chubu,Tokai,yes,Aichi,35.1331,136.5121,Early Yayoi,Early Yayoi (I),,,Jokonmon,Jar,ceramic powder,19,-29.548,-29.338,0.21,no,no,no,20.2,,no,no ,,no,no,no,0.66,no,
ENC061,ASA,ASA059IAE,Asahi,Chubu,Tokai,yes,Aichi,35.1331,136.5121,Middle Yayoi,Middle Yayoi (II),,,Jokonmon,Cooking vessel,ceramic powder,21,-29.15,-29.161,-0.011,no,no,no,,,no,no ,,no,no,no,0.58,no,yes
ENC062,ASA,ASA060IAE,Asahi,Chubu,Tokai,yes,Aichi,35.1331,136.5121,Early Yayoi,Early Yayoi (I),,,Ongagawa,Cooking vessel,ceramic powder,38,-29.528,-29.71,-0.182,no,no,no,,,no,no ,,no,no,no,0.72,no,yes
ENC063,ASA,ASA061IAE,Asahi,Chubu,Tokai,yes,Aichi,35.1331,136.5121,Middle Yayoi,Middle Yayoi (II),,,Jokonmon,Cooking vessel,ceramic powder,26,-21.882,-25.042,-3.16,yes,no,yes,85.5,,no,no ,,no,no,no,1.54,yes,yes
ENC064,ASA,ASA062IAE,Asahi,Chubu,Tokai,yes,Aichi,35.1331,136.5121,Middle Yayoi,Middle Yayoi (II),,,Jokonmon,Cooking vessel,ceramic powder,9,-28.452,-28.285,0.167,no,no,no,,,no,no ,,no,no,no,0.64,no,
ENC065,ASA,ASA063IAE,Asahi,Chubu,Tokai,yes,Aichi,35.1331,136.5121,Middle Yayoi,Middle Yayoi (II),,,Jokonmon,Cooking vessel,ceramic powder,14,-29.223,-29.272,-0.049,no,yes,no,,,no,no ,,no,no,no,0.71,no,
ENC066,ASA,ASA064IAE,Asahi,Chubu,Tokai,yes,Aichi,35.1331,136.5121,Middle Yayoi,Middle Yayoi (II),,,Jokonmon,Cooking vessel,ceramic powder,8,-28.159,-28.973,-0.814,no,yes,no,,,no,no ,,no,no,no,0.69,no,
ENC067,ASA,ASA065IAE,Asahi,Chubu,Tokai,yes,Aichi,35.1331,136.5121,Early Yayoi,Early Yayoi (I),,,Ongagawa,Cooking vessel,ceramic powder,104,-26.706,-26.244,0.462,no,no,no,,4.7,yes,no ,,no,no,no,1.18,no,
ENC068,ASA,ASA066IAE,Asahi,Chubu,Tokai,yes,Aichi,35.1331,136.5121,Early Yayoi,Early Yayoi (I),,,Unknown,Jar,ceramic powder,40,-29.898,-30.066,-0.168,no,no,no,,,no,no ,,no,no,no,0.75,no,
ENC069,ASA,ASA067IAE,Asahi,Chubu,Tokai,yes,Aichi,35.1331,136.5121,Early Yayoi,Early Yayoi (I),,,Jokonmon,Bowl,ceramic powder,23,-28.953,-28.228,0.725,no,yes,no,,,no,no ,,no,no,no,0.80,no,yes
ENC070,ASA,ASA068IAE,Asahi,Chubu,Tokai,yes,Aichi,35.1331,136.5121,Middle Yayoi,Middle Yayoi (II),,,Unknown,Jar,ceramic powder,17,-29.758,-28.686,1.072,no,no,no,,,no,no ,,no,no,no,1.20,no,
ENC071,ASA,ASA069IAE,Asahi,Chubu,Tokai,yes,Aichi,35.1331,136.5121,Middle Yayoi,Middle Yayoi (II),,,Jokonmon,Cooking vessel,ceramic powder,109,-22.28,-21.528,0.752,yes,no,no,,4.4,yes,no ,0.126,yes,yes,no,1.20,no,
ENC072,ASA,ASA070IAE,Asahi,Chubu,Tokai,yes,Aichi,35.1331,136.5121,Middle Yayoi,Middle Yayoi (II),,,Ongagawa,Bowl,ceramic powder,37,-24.573,-25.165,-0.592,yes,no,yes,73.0,,no,no ,,no,no,no,1.47,no,
ENC073,ASA,ASA071IAE,Asahi,Chubu,Tokai,yes,Aichi,35.1331,136.5121,Middle Yayoi,Middle Yayoi (II),,,Jokonmon,Cooking vessel,ceramic powder,7,-26.179,-27.074,-0.895,yes,no,yes,78.8,,no,no ,,no,no,no,1.07,no,
ENC074,ASA,ASA072IAE,Asahi,Chubu,Tokai,yes,Aichi,35.1331,136.5121,Middle Yayoi,Middle Yayoi (II),,,Jokonmon,Cooking vessel,ceramic powder,18,-27.29,-28.344,-1.054,yes,no,yes,74.7,,no,no ,,no,no,no,1.24,no,
ENC075,ASA,ASA073IAE,Asahi,Chubu,Tokai,yes,Aichi,35.1331,136.5121,Middle Yayoi,Middle Yayoi (II),,,Jokonmon,Cooking vessel,ceramic powder,14,-30.055,-30.045,0.01,no,no,no,,,no,no ,,no,no,no,0.81,no,yes
ENC076,ASA,ASA074IAE,Asahi,Chubu,Tokai,yes,Aichi,35.1331,136.5121,Early Yayoi,Early Yayoi (I),,,Ongagawa,Cooking vessel,ceramic powder,2,,,,no,no,yes,,,no,no ,,no,no,no,,no,
ENC077,ASA,ASA075IAE,Asahi,Chubu,Tokai,yes,Aichi,35.1331,136.5121,Early Yayoi,Early Yayoi (I),,,Jokonmon,Cooking vessel,ceramic powder,5,,,,no,no,no,,,no,no ,,no,no,no,,no,
ENC078,ASA,ASA076IAE,Asahi,Chubu,Tokai,yes,Aichi,35.1331,136.5121,Early Yayoi,Early Yayoi (I),,,Ongagawa,Cooking vessel,ceramic powder,2,,,,no,no,no,,,no,no ,,no,no,no,,no,
ENC079,ASA,ASA077IAE,Asahi,Chubu,Tokai,yes,Aichi,35.1331,136.5121,Middle Yayoi,Middle Yayoi (II),,,Jokonmon,Cooking vessel,ceramic powder,3,,,,no,no,yes,,,no,no ,,no,no,no,,no,
ENC080,ASA,ASA078IAE,Asahi,Chubu,Tokai,yes,Aichi,35.1331,136.5121,Middle Yayoi,Middle Yayoi (II),,,Jokonmon,Cooking vessel,ceramic powder,73,-26.236,-25.053,1.183,no,no,no,,,no,no ,,no,no,no,0.89,yes,yes
ENC081,ASA,ASA079IAE,Asahi,Chubu,Tokai,yes,Aichi,35.1331,136.5121,Middle Yayoi,Middle Yayoi (II),,,Jokonmon,Jar,ceramic powder,49,-26.714,-25.678,1.036,no,no,no,,,no,no ,,no,no,no,0.71,no,
ENC082,ASA,ASA080IAE,Asahi,Chubu,Tokai,yes,Aichi,35.1331,136.5121,Early Yayoi,Early Yayoi (I),,,Jokonmon,Cooking vessel,ceramic powder,16,-29.312,-29.521,-0.209,no,no,no,,,no,no ,,no,no,no,1.14,no,
ENC083,ASA,ASA081IAE,Asahi,Chubu,Tokai,yes,Aichi,35.1331,136.5121,Middle Yayoi,Middle Yayoi (II),,,Jokonmon,Cooking vessel,ceramic powder,55,-25.632,-24.295,1.337,no,no,no,,,no,no ,,no,no,no,0.56,no,
ENC084,ASA,ASA082IAE,Asahi,Chubu,Tokai,yes,Aichi,35.1331,136.5121,Middle Yayoi,Middle Yayoi (II),,,Jokonmon,Cooking vessel,ceramic powder,9,-29.859,-29.648,0.211,no,no,no,,,no,no ,,no,no,no,0.87,no,
ENC085,ASA,ASA083IAE,Asahi,Chubu,Tokai,yes,Aichi,35.1331,136.5121,Early Yayoi,Early Yayoi (I),,,Ongagawa,Cooking vessel,ceramic powder,20,-29.773,-29.306,0.467,no,no,no,,,no,no ,,no,no,no,1.04,no,yes
ENC086,ASA,ASA084IAE,Asahi,Chubu,Tokai,yes,Aichi,35.1331,136.5121,Middle Yayoi,Middle Yayoi (II),,,Jokonmon,Cooking vessel,ceramic powder,64,-26.237,-25.274,0.963,no,no,no,,,no,no ,,no,no,no,0.72,no,
ENC087,ASA,ASA085IAE,Asahi,Chubu,Tokai,yes,Aichi,35.1331,136.5121,Early Yayoi,Early Yayoi (I),,,Ongagawa,Cooking vessel,ceramic powder,5,,,,no,no,no,,,no,no ,,no,no,no,,no,
ENC088,ASA,ASA086IAE,Asahi,Chubu,Tokai,yes,Aichi,35.1331,136.5121,Middle Yayoi,Middle Yayoi (II),,,Jokonmon,Cooking vessel,ceramic powder,85,-26.388,-25.033,1.355,no,no,yes,78.5,,no,no ,,no,no,no,0.89,no,
ENC089,ASA,ASA087IAE,Asahi,Chubu,Tokai,yes,Aichi,35.1331,136.5121,Middle Yayoi,Middle Yayoi (II),,,Jokonmon,Cooking vessel,ceramic powder,19,-22.635,-27.015,-4.38,yes,no,yes,58.0,,no,no ,,no,no,no,2.56,no,
ENC090,ASA,ASA088IAE,Asahi,Chubu,Tokai,yes,Aichi,35.1331,136.5121,Middle Yayoi,Middle Yayoi (II),,,Jokonmon,Cooking vessel,ceramic powder,50,-29.674,-29.884,-0.21,no,no,no,,,no,no ,,no,no,no,1.16,no,
ENC091,ASA,ASA089IAE,Asahi,Chubu,Tokai,yes,Aichi,35.1331,136.5121,Early Yayoi,Early Yayoi (I),,,Ongagawa,Cooking vessel,ceramic powder,75,-32.147,-32.174,-0.027,yes,no,no,,8.2,yes,yes,,no,no,no,2.58,no,yes
ENC092,ASA,ASA090IAE,Asahi,Chubu,Tokai,yes,Aichi,35.1331,136.5121,Middle Yayoi,Middle Yayoi (II),,,Unknown,Cooking vessel,ceramic powder,8,-29.82,-29.824,-0.004,no,no,no,,,no,no ,,no,no,no,0.72,no,
ENC093,ASA,ASA091IAE,Asahi,Chubu,Tokai,yes,Aichi,35.1331,136.5121,Middle Yayoi,Middle Yayoi (II),,,Unknown,Cooking vessel,ceramic powder,21,-30.189,-29.838,0.351,no,no,no,,,no,no ,,no,no,no,0.72,no,yes
ENC094,ASA,ASA092IAE,Asahi,Chubu,Tokai,yes,Aichi,35.1331,136.5121,Early Yayoi,Early Yayoi (I),,,Ongagawa,Jar,ceramic powder,2,,,,no,no,no,,,no,no ,,no,no,no,,no,
ENC095,ASA,ASA093IAE,Asahi,Chubu,Tokai,yes,Aichi,35.1331,136.5121,Middle Yayoi,Middle Yayoi (II),,,Jokonmon,Cooking vessel,ceramic powder,11,-27.213,-28.485,-1.272,no,no,no,,,no,no ,,no,no,no,1.08,no,
ENC096,ASA,ASA094IAE,Asahi,Chubu,Tokai,yes,Aichi,35.1331,136.5121,Early Yayoi,Early Yayoi (I),,,Ongagawa,Cooking vessel,ceramic powder,4,-26.885,-27.935,-1.05,yes,no,yes,,,no,no ,,no,no,no,,no,
ENC097,ASA,ASA095IAE,Asahi,Chubu,Tokai,yes,Aichi,35.1331,136.5121,Early Yayoi,Early Yayoi (I),,,Ongagawa,Cooking vessel,ceramic powder,31,-28.446,-29.036,-0.59,no,no,no,,,no,no ,,no,no,no,1.00,no,yes
ENC098,ASA,ASA096IAE,Asahi,Chubu,Tokai,yes,Aichi,35.1331,136.5121,Middle Yayoi,Middle Yayoi (II),,,Ongagawa,Cooking vessel,ceramic powder,13,-29.044,-29.045,-0.001,no,no,no,,6.4,yes,yes,,no,no,no,1.00,yes,yes
ENC099,ASA,ASA097IAE,Asahi,Chubu,Tokai,yes,Aichi,35.1331,136.5121,Middle Yayoi,Middle Yayoi (II),,,Ongagawa,Cooking vessel,ceramic powder,24,-29.512,-29.698,-0.186,no,no,yes,76.7,,no,no ,,no,no,no,1.14,no,
ENC100,ASA,ASA098IAE,Asahi,Chubu,Tokai,yes,Aichi,35.1331,136.5121,Middle Yayoi,Middle Yayoi (II),,,Jokonmon,Jar,ceramic powder,6,-29.541,-29.606,-0.065,no,no,no,,,no,no ,,no,no,no,1.07,no,
ENC101,ASA,ASA099IAE,Asahi,Chubu,Tokai,yes,Aichi,35.1331,136.5121,Middle Yayoi,Middle Yayoi (II),,,Unknown,Jar,ceramic powder,19,-29.473,-29.789,-0.316,no,no,no,,,no,no ,,no,no,no,0.72,no,
ENC102,ASA,ASA100IAE,Asahi,Chubu,Tokai,yes,Aichi,35.1331,136.5121,Middle Yayoi,Middle Yayoi (II),,,Unknown,Jar,ceramic powder,4,-29.627,-29.833,-0.206,no,no,no,,,no,no ,,no,no,no,,no,
ENC103,ASA,ASA101IAE,Asahi,Chubu,Tokai,yes,Aichi,35.1331,136.5121,Middle Yayoi,Middle Yayoi (II),,,Jokonmon,Bowl,ceramic powder,15,-29.15,-29.18,-0.03,no,no,no,,,no,no ,,no,no,no,1.05,no,
ENC104,ASA,ASA102IAE,Asahi,Chubu,Tokai,yes,Aichi,35.1331,136.5121,Middle Yayoi,Middle Yayoi (II),,,Ongagawa,Cooking vessel,ceramic powder,5,-29.285,-29.576,-0.291,no,no,no,,,no,no ,,no,no,no,,no,
ENC105,ASA,ASA103IAE,Asahi,Chubu,Tokai,yes,Aichi,35.1331,136.5121,Early Yayoi,Early Yayoi (I),,,Ongagawa,Jar,ceramic powder,30,-29.91,-30.038,-0.128,no,no,no,,,no,no ,,no,no,no,1.30,no,
ENC106,ASA,ASA104IAE,Asahi,Chubu,Tokai,yes,Aichi,35.1331,136.5121,Middle Yayoi,Middle Yayoi (II),,,Jokonmon,Cooking vessel,ceramic powder,31,-29.718,-29.556,0.162,no,no,no,,,no,no ,,no,no,no,0.92,yes,yes
ENC107,ASA,ASA105IAE,Asahi,Chubu,Tokai,yes,Aichi,35.1331,136.5121,Early Yayoi,Early Yayoi (I),,,Ongagawa,Cooking vessel,ceramic powder,265,-26.157,-25.693,0.464,yes,no,no,,5.5,yes,yes,,no,no,no,0.99,yes,yes
ENC108,ASA,ASA106IAE,Asahi,Chubu,Tokai,yes,Aichi,35.1331,136.5121,Middle Yayoi,Middle Yayoi (II),,,Unknown,Jar,ceramic powder,66,-30.029,-29.933,0.096,no,no,no,,,no,no ,,no,no,no,1.03,no,
ENC109,ASA,ASA107IAE,Asahi,Chubu,Tokai,yes,Aichi,35.1331,136.5121,Middle Yayoi,Middle Yayoi (II),,,Unknown,Cooking vessel,ceramic powder,24,-29.446,-29.77,-0.324,no,no,no,,,no,no ,,no,no,no,1.04,no,yes
ENC110,ASA,ASA108IAE,Asahi,Chubu,Tokai,yes,Aichi,35.1331,136.5121,Middle Yayoi,Early Yayoi (I),,,Ongagawa,Bowl,ceramic powder,36,-28.884,-28.295,0.589,no,no,no,,,no,no ,,no,no,no,1.28,no,yes
ENC111,NKY,NKY01IAE,Nakaya,Chubu,Central Highlands,no,Yamanashi,35.35016339,138.5528648,Early Final Jomon,,,,,Cooking vessel,ceramic powder,10,,,,no,yes,no,,,no,no ,,no,no,no,1.14,,
ENC112,NKY,NKY02IAE,Nakaya,Chubu,Central Highlands,no,Yamanashi,35.35016339,138.5528648,Early Final Jomon,,,,,Cooking vessel,ceramic powder,5,,,,no,no,no,,,no,no ,,no,no,no,,,
ENC113,NKY,NKY03IAE,Nakaya,Chubu,Central Highlands,no,Yamanashi,35.35016339,138.5528648,Early Final Jomon,,,,,Cooking vessel,ceramic powder,18,-29.505,-29.294,0.211,no,no,no,,,no,no ,,no,no,no,0.98,,
ENC114,NKY,NKY04IAE,Nakaya,Chubu,Central Highlands,no,Yamanashi,35.35016339,138.5528648,Early Final Jomon,,,,,Cooking vessel,ceramic powder,1,,,,no,no,no,,,no,no ,,no,no,no,,,
ENC115,NKY,NKY05IAE,Nakaya,Chubu,Central Highlands,no,Yamanashi,35.35016339,138.5528648,Early Final Jomon,,,,,Cooking vessel,ceramic powder,16,-29.194,-29.11,0.084,no,no,no,,,no,no ,,no,no,no,1.17,,
ENC116,NKY,NKY06IAE,Nakaya,Chubu,Central Highlands,no,Yamanashi,35.35016339,138.5528648,Early Final Jomon,,,,,Cooking vessel,ceramic powder,39,-29.239,-29.19,0.049,no,no,no,,,no,no ,,no,no,no,1.23,,
ENC117,NKY,NKY07IAE,Nakaya,Chubu,Central Highlands,no,Yamanashi,35.35016339,138.5528648,Early Final Jomon,,,,,Cooking vessel,ceramic powder,43,-29.253,-29.257,-0.004,no,no,no,,3.5,yes,no ,0.285,yes,yes,no,0.48,,
ENC118,NKY,NKY08IAE,Nakaya,Chubu,Central Highlands,no,Yamanashi,35.35016339,138.5528648,Early Final Jomon,,,,,Cooking vessel,ceramic powder,45,-27.727,-28.485,-0.758,no,no,yes,71.9,,no,no ,,no,no,no,0.48,,
ENC119,NKY,NKY09IAE,Nakaya,Chubu,Central Highlands,no,Yamanashi,35.35016339,138.5528648,Early Final Jomon,,,,,Cooking vessel,ceramic powder,9,-28.976,-28.942,0.034,no,yes,no,,,no,no ,,no,no,no,1.09,,
ENC120,NKY,NKY10IAE,Nakaya,Chubu,Central Highlands,no,Yamanashi,35.35016339,138.5528648,Early Final Jomon,,,,,Cooking vessel,ceramic powder,28,-29.74,-29.591,0.149,no,no,no,,,no,no ,,no,no,no,1.22,,
ENC121,NKY,NKY11IAE,Nakaya,Chubu,Central Highlands,no,Yamanashi,35.35016339,138.5528648,Early Final Jomon,,,,,Cooking vessel,ceramic powder,30,-27.217,-29.499,-2.282,no,no,yes,66.7,,no,no ,,no,no,no,0.32,,
ENC122,NKY,NKY12IAE,Nakaya,Chubu,Central Highlands,no,Yamanashi,35.35016339,138.5528648,Early Final Jomon,,,,,Cooking vessel,ceramic powder,17,-29.272,-29.362,-0.09,no,no,no,,,no,no ,,no,no,no,1.23,,
ENC123,NKY,NKY13IAE,Nakaya,Chubu,Central Highlands,no,Yamanashi,35.35016339,138.5528648,Early Final Jomon,,,,,Cooking vessel,ceramic powder,68,-26.873,-26.642,0.231,no,no,no,,,no,no ,,no,no,no,0.26,,
ENC124,NKY,NKY14IAE,Nakaya,Chubu,Central Highlands,no,Yamanashi,35.35016339,138.5528648,Early Final Jomon,,,,,Cooking vessel,ceramic powder,37,-29.353,-29.658,-0.305,no,no,no,,,no,no ,,no,no,no,1.31,,
ENC125,NKY,NKY15IAE,Nakaya,Chubu,Central Highlands,no,Yamanashi,35.35016339,138.5528648,Early Final Jomon,,,,,Cooking vessel,ceramic powder,6,-28.583,-28.323,0.26,no,yes,no,,,no,no ,,no,no,no,1.19,,
ENC126,NKY,NKY16IAE,Nakaya,Chubu,Central Highlands,no,Yamanashi,35.35016339,138.5528648,Early Final Jomon,,,,,Cooking vessel,ceramic powder,3,,,,no,yes,no,,,no,no ,,no,no,no,,,
ENC127,NKY,NKY17IAE,Nakaya,Chubu,Central Highlands,no,Yamanashi,35.35016339,138.5528648,Early Final Jomon,,,,,Cooking vessel,ceramic powder,9,,,,no,no,no,,,no,no ,,no,no,no,1.20,,
ENC128,NKY,NKY18IAE,Nakaya,Chubu,Central Highlands,no,Yamanashi,35.35016339,138.5528648,Early Final Jomon,,,,,Cooking vessel,ceramic powder,5,,,,no,yes,no,,,no,no ,,no,no,no,1.20,,
ENC129,NKY,NKY19IAE,Nakaya,Chubu,Central Highlands,no,Yamanashi,35.35016339,138.5528648,Early Final Jomon,,,,,Cooking vessel,ceramic powder,2,,,,no,no,no,,,no,no ,,no,no,no,,,
ENC130,NKY,NKY20IAE,Nakaya,Chubu,Central Highlands,no,Yamanashi,35.35016339,138.5528648,Early Final Jomon,,,,,Cooking vessel,ceramic powder,7,,,,no,no,no,,,no,no ,,no,no,no,0.80,,
ENC131,NKY,NKY21IAE,Nakaya,Chubu,Central Highlands,no,Yamanashi,35.35016339,138.5528648,Early Final Jomon,,,,,Cooking vessel,ceramic powder,14,-28.295,-28.35,-0.055,no,yes,no,,,no,no ,,no,no,no,1.28,,
ENC132,NKY,NKY22IAE,Nakaya,Chubu,Central Highlands,no,Yamanashi,35.35016339,138.5528648,Early Final Jomon,,,,,Cooking vessel,ceramic powder,4,,,,no,no,no,,,no,no ,,no,no,no,,,
ENC133,NKY,NKY23IAE,Nakaya,Chubu,Central Highlands,no,Yamanashi,35.35016339,138.5528648,Early Final Jomon,,,,,Cooking vessel,ceramic powder,4,,,,no,no,no,,,no,no ,,no,no,no,,,
ENC134,NKY,NKY24IAE,Nakaya,Chubu,Central Highlands,no,Yamanashi,35.35016339,138.5528648,Early Final Jomon,,,,,Cooking vessel,ceramic powder,6,-28.734,-28.914,-0.18,no,yes,no,,,no,no ,,no,no,no,0.77,,
ENC135,NKY,NKY25IAE,Nakaya,Chubu,Central Highlands,no,Yamanashi,35.35016339,138.5528648,Early Final Jomon,,,,,Cooking vessel,ceramic powder,28,-29.197,-28.903,0.294,no,no,no,,,no,no ,,no,no,no,1.40,,
ENC136,NKY,NKY26IAE,Nakaya,Chubu,Central Highlands,no,Yamanashi,35.35016339,138.5528648,Early Final Jomon,,,,,Cooking vessel,ceramic powder,16,-29.077,-28.747,0.33,no,no,no,,,no,no ,,no,no,no,0.93,,
ENC137,NKY,NKY27IAE,Nakaya,Chubu,Central Highlands,no,Yamanashi,35.35016339,138.5528648,Early Final Jomon,,,,,Cooking vessel,ceramic powder,23,-28.871,-28.846,0.025,no,yes,no,,,no,no ,,no,no,no,1.44,,
ENC138,NKY,NKY28IAE,Nakaya,Chubu,Central Highlands,no,Yamanashi,35.35016339,138.5528648,Early Final Jomon,,,,,Cooking vessel,ceramic powder,9,-28.985,-28.997,-0.012,no,no,no,,,no,no ,,no,no,no,0.82,,
ENC139,NKY,NKY29IAE,Nakaya,Chubu,Central Highlands,no,Yamanashi,35.35016339,138.5528648,Early Final Jomon,,,,,Cooking vessel,ceramic powder,20,-29.76,-29.387,0.373,no,no,no,,,no,no ,,no,no,no,1.03,,
ENC140,NKY,NKY30IAE,Nakaya,Chubu,Central Highlands,no,Yamanashi,35.35016339,138.5528648,Early Final Jomon,,,,,Cooking vessel,ceramic powder,12,-29.205,-29.25,-0.045,no,no,no,,,no,no ,,no,no,no,1.12,,
ENC141,NMC,NMC01IAE,Nakamichi,Chubu,Central Highlands,yes,Yamanashi,35.75463182,138.431831,Late Final Jomon,,,,,Cooking vessel,ceramic powder,59,-27.475,-31.128,-3.653,no,no,yes,66.8,,no,no ,,no,no,no,0.32,,
ENC142,NMC,NMC02IAE,Nakamichi,Chubu,Central Highlands,yes,Yamanashi,35.75463182,138.431831,Late Final Jomon,,,,,Cooking vessel,ceramic powder,33,-26.061,-28.98,-2.919,no,no,no,,,no,no ,,no,no,no,0.84,,
ENC143,NMC,NMC03IAE,Nakamichi,Chubu,Central Highlands,yes,Yamanashi,35.75463182,138.431831,Late Final Jomon,,,,,Cooking vessel,ceramic powder,11,-29.403,-28.877,0.526,yes,no,no,,,no,no ,,no,no,no,0.91,,
ENC144,NMC,NMC04IAE,Nakamichi,Chubu,Central Highlands,yes,Yamanashi,35.75463182,138.431831,Late Final Jomon,,,,,Cooking vessel,ceramic powder,10,-29.069,-28.856,0.213,no,no,no,,,no,no ,,no,no,no,0.99,,
ENC145,NMC,NMC05IAE,Nakamichi,Chubu,Central Highlands,yes,Yamanashi,35.75463182,138.431831,Late Final Jomon,,,,,Cooking vessel,ceramic powder,7,-27.879,-28.534,-0.655,no,yes,no,,,no,no ,,no,no,no,0.83,,
ENC146,NMC,NMC06IAE,Nakamichi,Chubu,Central Highlands,yes,Yamanashi,35.75463182,138.431831,Late Final Jomon,,,,,Cooking vessel,ceramic powder,61,-26.366,-26.701,-0.335,no,no,no,,8.9,yes,yes,,no,no,no,0.91,,
ENC147,NMC,NMC07IAE,Nakamichi,Chubu,Central Highlands,yes,Yamanashi,35.75463182,138.431831,Late Final Jomon,,,,,Cooking vessel,ceramic powder,9,-29.442,-29.142,0.3,no,no,no,,,no,no ,,no,no,no,1.13,,
ENC148,NMC,NMC08IAE,Nakamichi,Chubu,Central Highlands,yes,Yamanashi,35.75463182,138.431831,Late Final Jomon,,,,,Cooking vessel,ceramic powder,76,-26.954,-29.941,-2.987,no,no,yes,71.0,,no,no ,,no,no,no,0.52,,
ENC149,NMC,NMC09IAE,Nakamichi,Chubu,Central Highlands,yes,Yamanashi,35.75463182,138.431831,Late Final Jomon,,,,,Cooking vessel,ceramic powder,8,,,,no,no,yes,66.3,,no,no ,,no,no,no,0.41,,
ENC150,NMC,NMC10IAE,Nakamichi,Chubu,Central Highlands,yes,Yamanashi,35.75463182,138.431831,Late Final Jomon,,,,,Cooking vessel,ceramic powder,128,-28.88,-29.314,-0.434,no,no,no,,,no,no ,,no,no,no,0.90,,
ENC151,NMC,NMC11IAE,Nakamichi,Chubu,Central Highlands,yes,Yamanashi,35.75463182,138.431831,Late Final Jomon,,,,,Cooking vessel,ceramic powder,2,,,,no,no,no,,,no,no ,,no,no,no,,,
ENC152,NMC,NMC12IAE,Nakamichi,Chubu,Central Highlands,yes,Yamanashi,35.75463182,138.431831,Late Final Jomon,,,,,Cooking vessel,ceramic powder,191,-23.208,-25.533,-2.325,no,no,yes,84.4,6.8,yes,yes,,no,no,no,2.06,,
ENC153,NMC,NMC13IAE,Nakamichi,Chubu,Central Highlands,yes,Yamanashi,35.75463182,138.431831,Late Final Jomon,,,,,Cooking vessel,ceramic powder,4,-28.511,-28.611,-0.1,no,no,no,,,no,no ,,no,no,no,,,
ENC154,NMC,NMC14IAE,Nakamichi,Chubu,Central Highlands,yes,Yamanashi,35.75463182,138.431831,Late Final Jomon,,,,,Cooking vessel,ceramic powder,6,-29.532,-29.52,0.012,no,no,no,,,no,no ,,no,no,no,0.99,,
ENC155,NMC,NMC15IAE,Nakamichi,Chubu,Central Highlands,yes,Yamanashi,35.75463182,138.431831,Late Final Jomon,,,,,Cooking vessel,ceramic powder,31,,,,no,no,no,,,no,no ,,no,no,no,1.39,,
ENC156,NMC,NMC16IAE,Nakamichi,Chubu,Central Highlands,yes,Yamanashi,35.75463182,138.431831,Late Final Jomon,,,,,Cooking vessel,ceramic powder,2,,,,no,no,no,,,no,no ,,no,no,no,,,
ENC157,NMC,NMC17IAE,Nakamichi,Chubu,Central Highlands,yes,Yamanashi,35.75463182,138.431831,Late Final Jomon,,,,,Cooking vessel,ceramic powder,5,,,,no,no,no,,,no,no ,,no,no,no,1.01,,
ENC158,NMC,NMC18IAE,Nakamichi,Chubu,Central Highlands,yes,Yamanashi,35.75463182,138.431831,Late Final Jomon,,,,,Cooking vessel,ceramic powder,4,,,,no,no,no,,,no,no ,,no,no,no,,,
ENC159,NMC,NMC19IAE,Nakamichi,Chubu,Central Highlands,yes,Yamanashi,35.75463182,138.431831,Late Final Jomon,,,,,Cooking vessel,ceramic powder,467,-25.577,-28.1,-2.523,no,no,yes,56.2,5.2,yes,yes,,no,no,no,2.38,,
ENC160,NMC,NMC20IAE,Nakamichi,Chubu,Central Highlands,yes,Yamanashi,35.75463182,138.431831,Late Final Jomon,,,,,Cooking vessel,ceramic powder,2,,,,no,no,no,,,no,no ,,no,no,no,,,
ENC161,NMC,NMC21IAE,Nakamichi,Chubu,Central Highlands,yes,Yamanashi,35.75463182,138.431831,Late Final Jomon,,,,,Cooking vessel,ceramic powder,16,-27.613,-28.255,-0.642,no,yes,yes,77.3,,no,no ,,no,no,no,0.43,,
ENC162,NMC,NMC22IAE,Nakamichi,Chubu,Central Highlands,yes,Yamanashi,35.75463182,138.431831,Late Final Jomon,,,,,Cooking vessel,ceramic powder,2,,,,no,no,yes,,,no,no ,,no,no,no,,,
ENC163,NMC,NMC23IAE,Nakamichi,Chubu,Central Highlands,yes,Yamanashi,35.75463182,138.431831,Late Final Jomon,,,,,Cooking vessel,ceramic powder,726,-27.204,-26.55,0.654,no,no,no,,,no,no ,,no,no,no,0.46,,
ENC164,NMC,NMC24IAE,Nakamichi,Chubu,Central Highlands,yes,Yamanashi,35.75463182,138.431831,Late Final Jomon,,,,,Cooking vessel,ceramic powder,10,,,,no,yes,no,,,no,no ,,no,no,no,2.39,,
ENC165,NMC,NMC25IAE,Nakamichi,Chubu,Central Highlands,yes,Yamanashi,35.75463182,138.431831,Late Final Jomon,,,,,Cooking vessel,ceramic powder,1,,,,no,no,no,,,no,no ,,no,no,no,,,
ENC166,NMC,NMC26IAE,Nakamichi,Chubu,Central Highlands,yes,Yamanashi,35.75463182,138.431831,Late Final Jomon,,,,,Cooking vessel,ceramic powder,6,,,,no,no,no,,,no,no ,,no,no,no,0.84,,
ENC167,NMC,NMC27IAE,Nakamichi,Chubu,Central Highlands,yes,Yamanashi,35.75463182,138.431831,Late Final Jomon,,,,,Cooking vessel,ceramic powder,2,,,,no,no,no,,,no,no ,,no,no,yes,,,
ENC168,NMC,NMC28IAE,Nakamichi,Chubu,Central Highlands,yes,Yamanashi,35.75463182,138.431831,Late Final Jomon,,,,,Cooking vessel,ceramic powder,5,,,,no,no,no,,,no,no ,,no,no,no,1.00,,
ENC169,NMC,NMC29IAE,Nakamichi,Chubu,Central Highlands,yes,Yamanashi,35.75463182,138.431831,Late Final Jomon,,,,,Cooking vessel,ceramic powder,28,-27.377,-27.839,-0.462,no,no,yes,100.0,8.4,yes,yes,,no,no,yes,1.98,,
ENC170,NMC,NMC30IAE,Nakamichi,Chubu,Central Highlands,yes,Yamanashi,35.75463182,138.431831,Late Final Jomon,,,,,Cooking vessel,ceramic powder,2,,,,no,no,no,,,no,no ,,no,no,no,,,
ENC171,TSJ,TSJ01IAE,Tenshoji,Chubu,Central Highlands,yes,Yamanashi,35.3339,138.569,Early to Middle Yayoi,,,,,Cooking vessel,ceramic powder,1641,-27.404,-29.078,-1.674,no,no,yes,71.5,,no,no ,,no,no,yes,0.69,,
ENC172,TSJ,TSJ02IAE,Tenshoji,Chubu,Central Highlands,yes,Yamanashi,35.3339,138.569,Early to Middle Yayoi,,,,,Cooking vessel,ceramic powder,2217,-27.295,-29.682,-2.387,yes,no,yes,71.0,8.6,yes,yes,0.063,yes,yes,yes,0.84,,
ENC173,TSJ,TSJ03IAE,Tenshoji,Chubu,Central Highlands,yes,Yamanashi,35.3339,138.569,Early to Middle Yayoi,,,,,Cooking vessel,ceramic powder,2347,-27.424,-29.708,-2.284,yes,no,yes,71.2,5.3,yes,yes,,no,no,yes,0.83,,
ENC174,TSJ,TSJ04IAE,Tenshoji,Chubu,Central Highlands,yes,Yamanashi,35.3339,138.569,Early to Middle Yayoi,,,,,Cooking vessel,ceramic powder,2733,-28.247,-31.266,-3.019,no,no,yes,71.5,3.3,yes,no ,,no,no,no,0.50,,
ENC175,TSJ,TSJ05IAE,Tenshoji,Chubu,Central Highlands,yes,Yamanashi,35.3339,138.569,Early to Middle Yayoi,,,,,Cooking vessel,ceramic powder,3353,-27.229,-29.15,-1.921,no,no,yes,70.9,7.4,yes,yes,0.041,yes,no,no,1.14,,
ENC176,TSJ,TSJ06IAE,Tenshoji,Chubu,Central Highlands,yes,Yamanashi,35.3339,138.569,Early to Middle Yayoi,,,,,Cooking vessel,ceramic powder,1837,-27.599,-30.05,-2.451,no,no,yes,67.2,,no,no ,,no,no,yes,0.86,,
ENC177,TSJ,TSJ07IAE,Tenshoji,Chubu,Central Highlands,yes,Yamanashi,35.3339,138.569,Early to Middle Yayoi,,,,,Cooking vessel,ceramic powder,3374,-27.228,-29.412,-2.184,no,no,yes,70.8,,no,no ,,no,no,yes,0.55,,
ENC178,TSJ,TSJ08IAE,Tenshoji,Chubu,Central Highlands,yes,Yamanashi,35.3339,138.569,Early to Middle Yayoi,,,,,Cooking vessel,ceramic powder,1721,-26.764,-28.657,-1.893,no,no,yes,59.8,4.8,yes,no ,,no,no,no,0.59,,
ENC179,TSJ,TSJ09IAE,Tenshoji,Chubu,Central Highlands,yes,Yamanashi,35.3339,138.569,Early to Middle Yayoi,,,,,Cooking vessel,ceramic powder,3657,-27.008,-29.272,-2.264,yes,yes,yes,64.1,6.9,yes,yes,0.117,yes,yes,yes,0.59,,
ENC180,TSJ,TSJ10IAE,Tenshoji,Chubu,Central Highlands,yes,Yamanashi,35.3339,138.569,Early to Middle Yayoi,,,,,Cooking vessel,ceramic powder,9825,-27.843,-30.573,-2.73,no,no,yes,53.6,2.4,yes,no ,0.043,yes,no,no,0.54,,
ENC181,TSJ,TSJ11IAE,Tenshoji,Chubu,Central Highlands,yes,Yamanashi,35.3339,138.569,Early to Middle Yayoi,,,,,Cooking vessel,ceramic powder,2996,-27.028,-29.647,-2.619,yes,no,yes,58.1,5.4,yes,yes,0.065,yes,yes,no,0.88,,
ENC182,TSJ,TSJ12IAE,Tenshoji,Chubu,Central Highlands,yes,Yamanashi,35.3339,138.569,Early to Middle Yayoi,,,,,Cooking vessel,ceramic powder,4045,-27.332,-30.003,-2.671,yes,no,yes,61.4,5.0,yes,yes,0.078,yes,yes,no,0.53,,
ENC183,TSJ,TSJ13IAE,Tenshoji,Chubu,Central Highlands,yes,Yamanashi,35.3339,138.569,Early to Middle Yayoi,,,,,Cooking vessel,ceramic powder,3306,-26.945,-29.59,-2.645,yes,no,yes,58.1,6.1,yes,yes,0.034,yes,no,no,0.74,,
ENC184,TSJ,TSJ14IAE,Tenshoji,Chubu,Central Highlands,yes,Yamanashi,35.3339,138.569,Early to Middle Yayoi,,,,,Cooking vessel,ceramic powder,2912,-26.931,-29.508,-2.577,no?,no,yes,48.6,2.8,yes,no ,0.060,yes,yes,no,0.68,,
ENC185,TSJ,TSJ15IAE,Tenshoji,Chubu,Central Highlands,yes,Yamanashi,35.3339,138.569,Early to Middle Yayoi,,,,,Cooking vessel,ceramic powder,1708,-26.888,-28.797,-1.909,no,no,no,,,no,no ,,no,no,yes,0.63,,
ENC342,ASA,ASA017FIAE,Asahi,Chubu,Tokai,yes,Aichi,35.1331,136.5121,Middle Yayoi,,,,,,foodcrust,,,,,yes,yes,yes,,,no,no ,,no,no,no,,No,
ENC488,MMZ,MMZ001I,Mamizuka,Chubu,Tokai,yes,Aichi,35.29225684,136.821261,Final Jomon,,,,,,ceramic powder,16,-27.731,-28.3,-0.569,yes,yes,yes,77.7,,no,no ,,no,no,no,1.58,,
ENC489,MMZ,MMZ002I,Mamizuka,Chubu,Tokai,yes,Aichi,35.29225684,136.821261,Final Jomon,,,,,,ceramic powder,17,-26.19,-27.803,-1.613,yes,yes,yes,60.4,,no,no ,,no,no,no,1.92,,
ENC490,MMZ,MMZ003I,Mamizuka,Chubu,Tokai,yes,Aichi,35.29225684,136.821261,Final Jomon,,,,,,ceramic powder,16,-26.501,-26.125,0.376,yes,yes,,54.5,,no,no ,,no,no,no,1.78,,
ENC491,MMZ,MMZ004I,Mamizuka,Chubu,Tokai,yes,Aichi,35.29225684,136.821261,Final Jomon,,,,,,ceramic powder,35,-25.301,-26.282,-0.981,yes,yes,yes,,,no,no ,,no,no,no,2.84,,
ENC492,MMZ,MMZ005I,Mamizuka,Chubu,Tokai,yes,Aichi,35.29225684,136.821261,Final Jomon,,,,,,ceramic powder,29,-28.109,-28.266,-0.157,yes,yes,no,75.6,,no,no ,,no,no,no,1.59,,
ENC493,MMZ,MMZ006I,Mamizuka,Chubu,Tokai,yes,Aichi,35.29225684,136.821261,Final Jomon,,,,,,ceramic powder,16,-27.081,-26.299,0.782,yes,yes,yes,,,no,no ,,no,no,no,1.83,,
ENC494,MMZ,MMZ007I,Mamizuka,Chubu,Tokai,yes,Aichi,35.29225684,136.821261,Final Jomon,,,,,,ceramic powder,78,-27.357,-28.626,-1.269,yes,yes,yes,82.8,,no,no ,,no,no,no,1.56,,
ENC495,MMZ,MMZ008I,Mamizuka,Chubu,Tokai,yes,Aichi,35.29225684,136.821261,Final Jomon,,,,,,ceramic powder,134,-21.985,-22.087,-0.102,yes,yes,yes,83.4,,no,no ,,no,no,no,3.40,,
ENC496,MMZ,MMZ009I,Mamizuka,Chubu,Tokai,yes,Aichi,35.29225684,136.821261,Final Jomon,,,,,,ceramic powder,78,-27.067,-27.488,-0.421,yes,yes,yes,84.7,,no,no ,,no,no,no,2.67,,
ENC497,MMZ,MMZ010I,Mamizuka,Chubu,Tokai,yes,Aichi,35.29225684,136.821261,Final Jomon,,,,,,ceramic powder,18,-28.916,-29.748,-0.832,yes,yes,yes,65.4,,no,no ,,no,no,no,9.11,,
ENC498,MMZ,MMZ011I,Mamizuka,Chubu,Tokai,yes,Aichi,35.29225684,136.821261,Final Jomon,,,,,,ceramic powder,24,-28.023,-28.789,-0.766,yes,yes,yes,75.4,,no,no ,0.234,yes,yes,no,1.44,,
ENC499,MMZ,MMZ012I,Mamizuka,Chubu,Tokai,yes,Aichi,35.29225684,136.821261,Final Jomon,,,,,,ceramic powder,51,-20.708,-23.193,-2.485,yes,yes,yes,84.3,4.5,yes,no ,,no,no,no,2.47,,
ENC500,MMZ,MMZ013I,Mamizuka,Chubu,Tokai,yes,Aichi,35.29225684,136.821261,Final Jomon,,,,,,ceramic powder,31,-28.834,-29.223,-0.389,yes,yes,yes,81.5,0.7,yes,no ,,no,no,no,1.77,,
ENC501,MMZ,MMZ014I,Mamizuka,Chubu,Tokai,yes,Aichi,35.29225684,136.821261,Final Jomon,,,,,,ceramic powder,45,-27.972,-29.026,-1.054,yes,yes,yes,78.6,2.8,yes,no ,,no,no,no,1.22,,
ENC502,MMZ,MMZ015I,Mamizuka,Chubu,Tokai,yes,Aichi,35.29225684,136.821261,Final Jomon,,,,,,ceramic powder,24,-27.85,-28.518,-0.668,yes,yes,yes,59.9,,no,no ,,no,no,no,1.69,,
ENC503,MMZ,MMZ016I,Mamizuka,Chubu,Tokai,yes,Aichi,35.29225684,136.821261,Final Jomon,,,,,,ceramic powder,21,-27.254,-28.67,-1.416,yes,yes,yes,54.6,,no,no ,,no,no,no,2.09,,
ENC504,MMZ,MMZ017I,Mamizuka,Chubu,Tokai,yes,Aichi,35.29225684,136.821261,Final Jomon,,,,,,ceramic powder,33,-30.505,-29.786,0.719,yes,yes,yes,71.3,,no,no ,,no,no,no,2.16,,
ENC505,MMZ,MMZ018I,Mamizuka,Chubu,Tokai,yes,Aichi,35.29225684,136.821261,Final Jomon,,,,,,ceramic powder,39,-29.064,-30.888,-1.824,yes,yes,yes,74.9,,no,no ,,no,no,no,1.10,,
ENC506,MMZ,MMZ019I,Mamizuka,Chubu,Tokai,yes,Aichi,35.29225684,136.821261,Final Jomon,,,,,,ceramic powder,27,-27.798,-29.019,-1.221,yes,yes,yes,51.3,,no,no ,,no,no,no,2.02,,
ENC507,MMZ,MMZ020I,Mamizuka,Chubu,Tokai,yes,Aichi,35.29225684,136.821261,Final Jomon,,,,,,ceramic powder,25,-27.314,-28.395,-1.081,yes,yes,yes,53.8,,no,no ,,no,no,no,1.81,,
ENC508,MMZ,MMZ021I,Mamizuka,Chubu,Tokai,yes,Aichi,35.29225684,136.821261,Final Jomon,,,,,,ceramic powder,85,-26.402,-28.131,-1.729,yes,yes,yes,84.7,5.9,yes,yes,,no,no,no,1.35,,
ENC509,MMZ,MMZ022I,Mamizuka,Chubu,Tokai,yes,Aichi,35.29225684,136.821261,Final Jomon,,,,,,ceramic powder,18,-27.905,-28.849,-0.944,yes,yes,yes,50.0,,no,no ,,no,no,no,1.61,,
ENC510,MMZ,MMZ023I,Mamizuka,Chubu,Tokai,yes,Aichi,35.29225684,136.821261,Final Jomon,,,,,,ceramic powder,93,-29.262,-31.305,-2.043,yes,yes,yes,52.2,,no,no ,,no,no,no,0.39,,
ENC511,MMZ,MMZ024I,Mamizuka,Chubu,Tokai,yes,Aichi,35.29225684,136.821261,Final Jomon,,,,,,ceramic powder,4,-26.851,-26.739,0.112,yes,yes,yes,,,no,no ,,no,no,no,,,
ENC512,MMZ,MMZ025I,Mamizuka,Chubu,Tokai,yes,Aichi,35.29225684,136.821261,Final Jomon,,,,,,ceramic powder,39,-22.34,-24.151,-1.811,yes,yes,yes,76.3,5.4,yes,yes,,no,no,no,1.84,,
ENC513,MMZ,MMZ026I,Mamizuka,Chubu,Tokai,yes,Aichi,35.29225684,136.821261,Final Jomon,,,,,,ceramic powder,127,-25.987,-25.704,0.283,yes,yes,yes,88.2,1.6,yes,no ,,no,no,no,3.72,,
ENC514,MMZ,MMZ027I,Mamizuka,Chubu,Tokai,yes,Aichi,35.29225684,136.821261,Final Jomon,,,,,,ceramic powder,20,-27.745,-28.572,-0.827,yes,yes,yes,79.9,,no,no ,,no,no,no,0.22,,
ENC515,MMZ,MMZ028I,Mamizuka,Chubu,Tokai,yes,Aichi,35.29225684,136.821261,Final Jomon,,,,,,ceramic powder,18,-28.742,-28.941,-0.199,yes,yes,yes,67.3,,no,no ,,no,no,no,1.63,,
ENC516,MMZ,MMZ029I,Mamizuka,Chubu,Tokai,yes,Aichi,35.29225684,136.821261,Final Jomon,,,,,,ceramic powder,82,-26.605,-26.0406,0.5644,yes,yes,no,92.1,3.9,yes,no ,,no,no,no,9.67,,
ENC517,MMZ,MMZ030I,Mamizuka,Chubu,Tokai,yes,Aichi,35.29225684,136.821261,Final Jomon,,,,,,ceramic powder,35,-25.833,-28.224,-2.391,yes,yes,yes,,4.9,yes,no ,,no,no,no,0.97,,
ENC518,MMZ,MMZ031I,Mamizuka,Chubu,Tokai,yes,Aichi,35.29225684,136.821261,Final Jomon,,,,,,ceramic powder,102,-26.874,-27.515,-0.641,yes,yes,yes,75.0,,no, no,0.075,yes,yes,no,0.97,,
ENC519,MMZ,MMZ032I,Mamizuka,Chubu,Tokai,yes,Aichi,35.29225684,136.821261,Final Jomon,,,,,,ceramic powder,163,-21.145,-20.768,0.377,yes,yes,no,76.9,1.9,yes, no,,no,no,no,1.42,,
ENC520,MMZ,MMZ033I,Mamizuka,Chubu,Tokai,yes,Aichi,35.29225684,136.821261,Final Jomon,,,,,,ceramic powder,28,-27.732,-28.126,-0.394,yes,yes,yes,,,no, no,,no,no,no,1.94,,
ENC521,MMZ,MMZ034I,Mamizuka,Chubu,Tokai,yes,Aichi,35.29225684,136.821261,Final Jomon,,,,,,ceramic powder,17,-29.456,-27.768,1.688,yes,yes,yes,74.9,,no, no,,no,no,no,1.63,,
ENC522,MMZ,MMZ035I,Mamizuka,Chubu,Tokai,yes,Aichi,35.29225684,136.821261,Final Jomon,,,,,,ceramic powder,29,-29.1,-29.283,-0.183,yes,yes,yes,72.2,1.5,yes, no,0.119,yes,yes,no,1.71,,
ENC571,UMK,UMK001,Ushimaki,Chubu,Tokai,no,Aichi,35.207777,136.973055,Final Jomon,,,,,,ceramic powder,33,-26.9,-27.044,-0.144,yes,yes,no,81.2,5.3,yes, yes ,,no,no,no,1.63,,
ENC572,UMK,UMK002,Ushimaki,Chubu,Tokai,no,Aichi,35.207777,136.973055,Final Jomon,,,,,,ceramic powder,56,-25.797,-25.709,0.088,yes,yes,yes,#DIV/0!,,no,no ,0.128,yes,yes,no,1.08,,
ENC573,UMK,UMK003,Ushimaki,Chubu,Tokai,no,Aichi,35.207777,136.973055,Final Jomon,,,,,,ceramic powder,98,-21.234,-23.99,-2.756,yes,yes,yes,72.7,3.3,yes,no ,,no,no,no,1.54,,
ENC574,UMK,UMK004,Ushimaki,Chubu,Tokai,no,Aichi,35.207777,136.973055,Final Jomon,,,,,,ceramic powder,105,-27.61,-30.455,-2.845,yes,yes,yes,55.5,2.4,yes,no ,,no,no,no,0.78,,
ENC575,UMK,UMK005,Ushimaki,Chubu,Tokai,no,Aichi,35.207777,136.973055,Final Jomon,,,,,,ceramic powder,4813,-30.569,-28.722,1.847,yes,yes,yes,100.0,,no,no ,,no,no,no,0.71,,
ENC576,UMK,UMK006,Ushimaki,Chubu,Tokai,no,Aichi,35.207777,136.973055,Final Jomon,,,,,,ceramic powder,23,-27.188,-26.712,0.476,yes,yes,yes,61.5,,no,no ,,no,no,no,1.79,,
ENC577,UMK,UMK007,Ushimaki,Chubu,Tokai,no,Aichi,35.207777,136.973055,Final Jomon,,,,,,ceramic powder,13,-26.346,-24.773,1.573,yes,yes,yes,51.2,,no,no ,,no,no,no,0.86,,
ENC578,UMK,UMK008,Ushimaki,Chubu,Tokai,no,Aichi,35.207777,136.973055,Final Jomon,,,,,,ceramic powder,11,-28.3531,-28.2706,0.0825,yes,yes,yes,57.9,,no,no ,,no,no,no,1.35,,
ENC579,UMK,UMK009,Ushimaki,Chubu,Tokai,no,Aichi,35.207777,136.973055,Final Jomon,,,,,,ceramic powder,11,-27.2427,-25.5143,1.7284,yes,yes,yes,53.3,,no,no ,,no,no,no,1.17,,
ENC580,UMK,UMK010,Ushimaki,Chubu,Tokai,no,Aichi,35.207777,136.973055,Final Jomon,,,,,,ceramic powder,7,-27.587,-27.236,0.351,yes,yes,yes,45.8,,no,no ,,no,no,no,2.24,,
ENC581,UMK,UMK011,Ushimaki,Chubu,Tokai,no,Aichi,35.207777,136.973055,Final Jomon,,,,,,ceramic powder,12,-26.964,-26.386,0.578,yes,yes,yes,50.0,,no,no ,,no,no,no,1.50,,
ENC582,UMK,UMK012,Ushimaki,Chubu,Tokai,no,Aichi,35.207777,136.973055,Final Jomon,,,,,,ceramic powder,17,-25.094,-25.555,-0.461,yes,yes,yes,51.9,,no,no ,,no,no,no,1.37,,
ENC583,UMK,UMK013,Ushimaki,Chubu,Tokai,no,Aichi,35.207777,136.973055,Final Jomon,,,,,,ceramic powder,33,-26.928,-26.129,0.799,yes,yes,yes,88.9,,no,no ,,no,no,no,1.41,,
ENC584,UMK,UMK014,Ushimaki,Chubu,Tokai,no,Aichi,35.207777,136.973055,Final Jomon,,,,,,ceramic powder,200,-24.402,-28.425,-4.023,yes,no,yes,50.0,,no,no ,,no,no,no,1.89,,
ENC585,UMK,UMK015,Ushimaki,Chubu,Tokai,no,Aichi,35.207777,136.973055,Final Jomon,,,,,,ceramic powder,296,-28.346,-30.989,-2.643,yes,yes,yes,94.6,1.1,yes,no ,,no,no,no,0.72,,
ENC586,UMK,UMK016,Ushimaki,Chubu,Tokai,no,Aichi,35.207777,136.973055,Final Jomon,,,,,,ceramic powder,160,-29.254,-31.289,-2.035,yes,yes,yes,58.5,0.9,yes,no ,,no,no,no,0.74,,
ENC587,UMK,UMK017,Ushimaki,Chubu,Tokai,no,Aichi,35.207777,136.973055,Final Jomon,,,,,,ceramic powder,28,-23.491,-24.157,-0.666,yes,yes,yes,53.6,,no,no ,0.067,yes,yes,no,0.60,,
ENC588,UMK,UMK018,Ushimaki,Chubu,Tokai,no,Aichi,35.207777,136.973055,Final Jomon,,,,,,ceramic powder,27,-26.333,-27.459,-1.126,yes,yes,yes,82.8,4.1,yes,no ,,no,no,no,1.51,,
ENC589,UMK,UMK019,Ushimaki,Chubu,Tokai,no,Aichi,35.207777,136.973055,Final Jomon,,,,,,ceramic powder,95,-26.849,-28.591,-1.742,yes,yes,yes,55.9,,no,no ,0.154,yes,yes,no,0.94,,
ENC590,UMK,UMK020,Ushimaki,Chubu,Tokai,no,Aichi,35.207777,136.973055,Final Jomon,,,,,,ceramic powder,153,-23.609,-25.694,-2.085,yes,yes,yes,73.9,4.9,yes,no ,,no,no,no,4.07,,
ENC591,UMK,UMK021,Ushimaki,Chubu,Tokai,no,Aichi,35.207777,136.973055,Final Jomon,,,,,,ceramic powder,9,-25.6,-26.204,-0.604,no,no,yes,50.0,,no,no ,,no,no,no,1.09,,
ENC592,UMK,UMK022,Ushimaki,Chubu,Tokai,no,Aichi,35.207777,136.973055,Final Jomon,,,,,,ceramic powder,94,-26.402,-28.894,-2.492,yes,yes,yes,66.5,,no,no ,,no,no,no,1.72,,
ENC593,UMK,UMK023,Ushimaki,Chubu,Tokai,no,Aichi,35.207777,136.973055,Final Jomon,,,,,,ceramic powder,15,-28.049,-29.26,-1.211,yes,yes,yes,5.0,0.4,yes,no ,,no,no,no,0.76,,
ENC594,UMK,UMK024,Ushimaki,Chubu,Tokai,no,Aichi,35.207777,136.973055,Final Jomon,,,,,,ceramic powder,158,-26.812,-29.558,-2.746,yes,yes,yes,70.6,0.3,yes,no ,,no,no,no,5.20,,
ENC595,UMK,UMK025,Ushimaki,Chubu,Tokai,no,Aichi,35.207777,136.973055,Final Jomon,,,,,,ceramic powder,160,-27.204,-29.515,-2.311,no,no,no,65.6,,no,no ,,no,no,no,1.03,,
ENC596,UMK,UMK026,Ushimaki,Chubu,Tokai,no,Aichi,35.207777,136.973055,Final Jomon,,,,,,ceramic powder,50,-26.647,-26.089,0.558,yes,yes,yes,,,no,no ,,no,no,no,0.52,,
ENC597,UMK,UMK027,Ushimaki,Chubu,Tokai,no,Aichi,35.207777,136.973055,Final Jomon,,,,,,ceramic powder,11,-25.088,-24.833,0.255,,,,90.3,,no,no ,,no,no,no,0.96,,
ENC599,UMK,UMK028,Ushimaki,Chubu,Tokai,no,Aichi,35.207777,136.973055,Final Jomon,,,,,,ceramic powder,13,-24.541,-26.442,-1.901,,,,,,no,no ,,no,,,2.28,,
ENC600,UMK,UMK029,Ushimaki,Chubu,Tokai,no,Aichi,35.207777,136.973055,Final Jomon,,,,,,ceramic powder,543,-26.431,-29.585,-3.153,,,,,4.5,yes,no ,0.066,yes,yes,no,0.77,,
ENC601,UMK,UMK030,Ushimaki,Chubu,Tokai,no,Aichi,35.207777,136.973055,Final Jomon,,,,,,ceramic powder,37,-25.915,-25.831,0.084,,,,,,no,no ,,no,no,no,1.47,,
ENC602,UMK,UMK031,Ushimaki,Chubu,Tokai,no,Aichi,35.207777,136.973055,Final Jomon,,,,,,ceramic powder,277,-25.994,-28.739,-2.745,,,,,,no,no ,,no,no,no,0.50,,
ENC603,UMK,UMK032,Ushimaki,Chubu,Tokai,no,Aichi,35.207777,136.973055,Final Jomon,,,,,,ceramic powder,21,-27.879,-28.84,-0.961,,,,,,no,no ,,no,no,no,1.08,,
ENC604,UMK,UMK033,Ushimaki,Chubu,Tokai,no,Aichi,35.207777,136.973055,Final Jomon,,,,,,ceramic powder,19,-24.039,-25.13,-1.091,,,,,,no,no ,,no,no,no,1.71,,
ENC605,UMK,UMK034,Ushimaki,Chubu,Tokai,no,Aichi,35.207777,136.973055,Final Jomon,,,,,,ceramic powder,20,-26.154,-27.149,-0.994,,,,,1.9,yes,no ,,no,no,no,1.62,,
ENC606,UMK,UMK035,Ushimaki,Chubu,Tokai,no,Aichi,35.207777,136.973055,Final Jomon,,,,,,ceramic powder,85,-29.587,-28.34,1.247,,,,,3.7,yes,no ,,no,no,no,4.32,,