Database Individual number,Site_code,Sample ID,Site,Region,Subregion,Prefecture,Long,Lat,Phase,Typology,Form,AE,AE TMS,SE,Total lipid yield after AE (μg g-1 ),Range of Saturated fatty acids (Fas),Unsaturated fatty acids,P/S,Branched chain fatty acids,α-ωdicarboxylic acids (diacids),Alkanes,Terpenes,Miliacin,Levoglucosane,α-Tocopherol,TMTD,Pristanic acid,Phytanic acid,SRR,ω-( o-alkylphenyl)alkanoic acids (APAAs),APAA_EH,18_20,d13C16,d13C18,bigD
ENC005,ASA,ASA003IAE,Asahi(MY),Chubu,Tokai,Aichi,35.22,136.86,Middle Yayoi (II),Jokonmon,Cooking vessel,X,,,50,C12:0-C30:0,"C18:1, C20:1",0.61,"C15i, a; C17i, a",C9-C16,,,,,,no,no,no,,,,,-25.316,-26.704,-1.388
ENC006,ASA,ASA004IAE,Asahi(MY),Chubu,Tokai,Aichi,35.22,136.86,Middle Yayoi (IV),Jokonmon,Cooking vessel,X,X,X,10,C14:0-C34:0,C18:1,1,,,,,,no,no,no,no,yes,57,,,,,,
ENC007,ASA,ASA005IAE,Asahi(MY),Chubu,Tokai,Aichi,35.22,136.86,Early (I) to Middle (II) Yayoi,Jokonmon,Cooking vessel,X,,,1660,C11:0-C26:0,"C18:1, C20:1",1.39,"C15i, a; C17i, a",C8-C14:0,,,,,,no,no,no,,"APAA16, APAA18, APAA20, APAA22",8.9,0.052,-27.03,-26.231,0.799
ENC008,ASA,ASA006IAE,Asahi(MY),Chubu,Tokai,Aichi,35.22,136.86,Middle Yayoi (III-IV),Ongagawa,Cooking vessel,X,X,,10,C13:0-C34:0,C18:1,1.58,"C15i, a; C17i, a",C10-C17,C26-C32 ,Methyl-DHA (tr),,,,no,no,no,,,,,,,
ENC010,ASA,ASA008IAE,Asahi(MY),Chubu,Tokai,Aichi,35.22,136.86,Middle Yayoi (III),Ongagawa,Cooking vessel,X,,,7,C12:0-C34:0,,0.26,"C15i, a; C17i, a",C9-C14:0,C26-C31 ,,,,,no,no,yes,58.1,,7.6,,,,
ENC011,ASA,ASA009IAE,Asahi(MY),Chubu,Tokai,Aichi,35.22,136.86,Middle Yayoi (III),Ongagawa,Cooking vessel,X,,,2,,,,,,,,,,,no,no,no,,,,,,,
ENC013,ASA,ASA011IAE,Asahi(MY),Chubu,Tokai,Aichi,35.22,136.86,Middle Yayoi (II),Jokonmon,Cooking vessel,X,,,146,C10:0-C28:0,C18:1,1.2,"C15i, a; C17i, a","C8,-C11",,,,,,yes,no,yes,76,"APAA16, APAA18, APAA20",11.4,0.046,-25.962,-26.06,-0.098
ENC016,ASA,ASA014IAE,Asahi(MY),Chubu,Tokai,Aichi,35.22,136.86,Middle Yayoi (IV),Unknown,Cooking vessel,X,X,,121,C12:0-C32:0,C18:1,1.87,,C9-C12,C29-C30 ,,,,,no,no,no,,,,,-27.409,-28.055,-0.646
ENC017,ASA,ASA015IAE,Asahi(MY),Chubu,Tokai,Aichi,35.22,136.86,Middle Yayoi (III-IV),Jokonmon,Cooking vessel,X,,,7,C14:0-C38:0,C16:1; C18:1,1.11,"C15i, a; C17i, a",,,Methyl-DHA; 7-oxo-DHA,yes,,,no,yes,no,,,,,-27.653,-28.053,-0.4
ENC018,ASA,ASA016IAE,Asahi(MY),Chubu,Tokai,Aichi,35.22,136.86,Middle Yayoi (II),Ongagawa,Cooking vessel,X,,,7,C14:0-C32:0,C18:1,0.94,"C17i, a",,,,,,,no,no,no,,,,,,,
ENC019,ASA,ASA017IAE,Asahi(MY),Chubu,Tokai,Aichi,35.22,136.86,Middle Yayoi (III),Ongagawa,Cooking vessel,X,,,44,C12:0-C36:0,C18:1,1.19,"C15i, a; C17i, a",,,,,,,no,yes,yes,41.9,,,,-27.659,-27.399,0.26
ENC020,ASA,ASA018IAE,Asahi(MY),Chubu,Tokai,Aichi,35.22,136.86,Middle Yayoi (II),Jokonmon,Cooking vessel,X,,,57,C13:0-C30:0,"C18:1, C20:1, C22:1",1.17,"C15i, a; C17i, a; C18i",C9-C13; C20,C27-C33,,,,,yes,no,yes,78.3,"APAA16 (tr),APAA18, APAA20",4.7,0.113,-26.616,-26.89,-0.274
ENC021,ASA,ASA019IAE,Asahi(MY),Chubu,Tokai,Aichi,35.22,136.86,Middle Yayoi (II),Unknown,Cooking vessel,X,,,15,C13:0-C30:0,"C16:1; C18:1, C22:1",0.98,"C15i, a; C16i; C17i, a; C18i, a",C10-C13,C27-C33 ,,,,,no,no,yes,82.6,"APAA16, APAA18, APAA20",3.4,0.098,-28.153,-28.761,-0.608
ENC022,ASA,ASA020IAE,Asahi(MY),Chubu,Tokai,Aichi,35.22,136.86,Middle Yayoi (II),Jokonmon,Cooking vessel,X,,X,9,C14:0-C26:0,"C16:1; C18:1, C22:1",1.02,"C15i, a; C16i; C17i, a",,C23-C33,Methyl-DHA (tr),,no,no,no,no,no,,,,,-27.868,-28.634,-0.766
ENC023,ASA,ASA021IAE,Asahi(EY),Chubu,Tokai,Aichi,35.22,136.86,Early Yayoi (I),Ongagawa,Cooking vessel,X,,,5,,,,,,,,,,,no,no,yes,,,,,,,
ENC024,ASA,ASA022IAE,Asahi(EY),Chubu,Tokai,Aichi,35.22,136.86,Early Yayoi (I),Ongagawa,Cooking vessel,X,,X,43,C14:0-C28:0,"C16:1; C18:1, C22:1",0.8,"C15i, a; C17i, a",C13,C23-C33 ,Methyl-DHA,,no,no,no,no,no,,,,,-30.305,-29.899,0.406
ENC025,ASA,ASA023IAE,Asahi(EY),Chubu,Tokai,Aichi,35.22,136.86,Early Yayoi (I),Ongagawa,Bowl,X,,X,39,C14:0-C34:0,"C16:1; C18:1, C22:1",0.99,"C15i, a; C16i; C17i, a; C18i, a",C11-C13,C26-C33,Methyl-DHA (tr),,no,no,no,no,yes,80,,,,,,
ENC026,ASA,ASA024IAE,Asahi(MY),Chubu,Tokai,Aichi,35.22,136.86,Middle Yayoi (II),Jokonmon,Cooking vessel,X,,X,24,C14:0-C34:0,C18:1; C20:1; C22:1; C24:1; C26:1; C28:1,1.82,"C15i, a; C17i, a",C13,C27-C31,,,no,no,no,no,yes,82.3,,,,-20.529,-24.544,-4.015
ENC027,ASA,ASA025IAE,Asahi(EY),Chubu,Tokai,Aichi,35.22,136.86,Early Yayoi (I),Ongagawa,Cooking vessel,X,,,9,C14:0-C34:0,C18:1,0.62,"C15i, a; C16i; C17i, a; C18i",,C26-C33,,,,,no,no,yes,77.8,,,,-29.47,-29.46,0.01
ENC028,ASA,ASA026IAE,Asahi(EY),Chubu,Tokai,Aichi,35.22,136.86,Early Yayoi (I),Ongagawa,Cooking vessel,X,,,2,,,,,,,,,,,no,no,no,,,,,,,
ENC029,ASA,ASA027IAE,Asahi(EY),Chubu,Tokai,Aichi,35.22,136.86,Early Yayoi (I),Ongagawa,Jar,X,,,5,,,,,,,,,,,no,no,no,,,,,-29.644,-29.395,0.249
ENC030,ASA,ASA028IAE,Asahi(EY),Chubu,Tokai,Aichi,35.22,136.86,Early Yayoi (I),Ongagawa,Cooking vessel,X,,X,24,C14:0-C32:0,"C18:1, C20:1",0.69,"C15i, a; C16i; C17i, a; C18i",,,,,no,no,no,no,no,,APAA18,6.8,,-28.95,-31.49,-2.54
ENC031,ASA,ASA029IAE,Asahi(MY),Chubu,Tokai,Aichi,35.22,136.86,Middle Yayoi (II),Ongagawa,Cooking vessel,X,,,25,C14:0-C28:0,C18:1,0.69,"C15i, a; C17i, a",,C24-C33,Methyl-DHA (tr),,,,no,no,no,,,,,-29.865,-29.799,0.066
ENC032,ASA,ASA030IAE,Asahi(MY),Chubu,Tokai,Aichi,35.22,136.86,Middle Yayoi (II),Ongagawa,Cooking vessel,X,X,X,7,C14:0-C24:0,"C18:1, C22:1",0.68,,,,Methyl-DHA (tr),,no,no,no,no,no,,,,,-29.937,-29.649,0.288
ENC033,ASA,ASA031IAE,Asahi(EY),Chubu,Tokai,Aichi,35.22,136.86,Early Yayoi (I),Ongagawa,Cooking vessel,X,,,10,C14:0-C20:0,,1.2,"C15i, a; C17i, a (only traces)",,,,,,,no,yes,no,,"APAA16, APAA18, APAA20",4,0.219,-26.755,-27.078,-0.323
ENC034,ASA,ASA032IAE,Asahi(MY),Chubu,Tokai,Aichi,35.22,136.86,Middle Yayoi (II),Ongagawa,Cooking vessel,X,,,4,C16:0-C18:0,,,,,,,,,,no,no,yes,,,,,,,
ENC035,ASA,ASA033IAE,Asahi(EY),Chubu,Tokai,Aichi,35.22,136.86,Early Yayoi (I),Jokonmon,Cooking vessel,X,,,30,C14:0-C34:0,C18:1,0.79,"C15i, a; C16i; C17i, a; C18i",,C24-C35,,,,,no,no,no,,,,,-27.323,-29.438,-2.115
ENC036,ASA,ASA034IAE,Asahi(EY),Chubu,Tokai,Aichi,35.22,136.86,Early Yayoi (I),Ongagawa,Bowl,X,,,9,C14:0-C26:0,"C18:1, C20:1, C22:1",1.29,"C15i, a; C16i; C17i, a; C18i",,C26-C33,,,,,no,no,no,,,,,-27.988,-28.245,-0.257
ENC037,ASA,ASA035IAE,Asahi(MY),Chubu,Tokai,Aichi,35.22,136.86,Middle Yayoi (II),Jokonmon,Cooking vessel,X,,,8,C14:0-C30:0,C18:1,0.56,"C17i, a",,C25-C33,,,,,no,no,no,,,,,-29.881,-29.894,-0.013
ENC038,ASA,ASA036IAE,Asahi(MY),Chubu,Tokai,Aichi,35.22,136.86,Middle Yayoi (II),Unknown,Bowl,X,,,23,C14:0-C34:0,"C18:1, C20:1, C22:1",0.99,"C15i, a; C16i; C17i, a; C18i",,C27-C31,,,,,no,no,yes,80.7,,,,-24.738,-26.002,-1.264
ENC039,ASA,ASA037IAE,Asahi(MY),Chubu,Tokai,Aichi,35.22,136.86,Middle Yayoi (II),Jokonmon,Cooking vessel,X,X,X,12,C14:0-C30:0,"C18:1, C22:1",0.53,"C15i, a; C16i; C17i, a; C18i",,C26; C28; C30-C33,,,no,no,no,no,no,,,,,-28.812,-29.211,-0.399
ENC040,ASA,ASA038IAE,Asahi(EY),Chubu,Tokai,Aichi,35.22,136.86,Early Yayoi (I),Ongagawa,Cooking vessel,X,X,,148,C12:0-C30:0,C18:1,0.69,"C15i, a; C16i; C17i, a",C9-C13,,,,,,no,no,yes,77.1,"APAA16, APAA18, APAA20(tr)",1.4,,-30.979,-34.054,-3.075
ENC041,ASA,ASA039IAE,Asahi(EY),Chubu,Tokai,Aichi,35.22,136.86,Early Yayoi (I),Ongagawa,Bowl,X,X,,18,C14:0-C26:0,"C18:1, C22:1",0.74,"C15i, a; C16i; C17i, a; C18i",C13,,,,,,no,no,no,,,,,-29.908,-29.906,0.002
ENC042,ASA,ASA040IAE,Asahi(EY),Chubu,Tokai,Aichi,35.22,136.86,Early Yayoi (I),Ongagawa,Cooking vessel,X,,,7,C15:0-C28:0,"C18:1, C22:1",0.58,"C15i, a; C16i; C17i, a; C18i (tr for all)",,C24-C33,,,,,no,no,no,,,,,-29.758,-29.74,0.018
ENC043,ASA,ASA041IAE,Asahi(EY),Chubu,Tokai,Aichi,35.22,136.86,Early Yayoi (I),Ongagawa,Cooking vessel,X,,,54,C14:0-C26:0,"C18:1, C20:1",1.21,"C15i, a; C16i; C17i, a; C18i",C9-C15,,,,,,no,no,no,,,,,-26.298,-26.173,0.125
ENC044,ASA,ASA042IAE,Asahi(MY),Chubu,Tokai,Aichi,35.22,136.86,Middle Yayoi (II),Ongagawa,Cooking vessel,X,,,23,C14:0-C26:0,"C18:1, C22:1",0.81,"C15i, a; C16i; C17i, a",,C26-C33,,,,,no,no,no,,,,,-30.14,-29.813,0.327
ENC045,ASA,ASA043IAE,Asahi(EY),Chubu,Tokai,Aichi,35.22,136.86,Early Yayoi (I),Ongagawa,Jar,X,,,9,C14:0-C28:0,"C18:1, C22:1",0.76,,,C26-C33,,,,,no,no,no,,,,,-29.652,-29.657,-0.005
ENC046,ASA,ASA044IAE,Asahi(EY),Chubu,Tokai,Aichi,35.22,136.86,Early Yayoi (I),Ongagawa,Jar,X,,X,6,C14:0-C26:0,"C18:1, C22:1",0.57,,,,,,no,no,no,no,no,,,,,-29.589,-29.577,0.012
ENC047,ASA,ASA045IAE,Asahi(EY),Chubu,Tokai,Aichi,35.22,136.86,Early Yayoi (I),Ongagawa,Jar,X,,,4,,,,,,,,,,,no,no,no,,,,,,,
ENC048,ASA,ASA046IAE,Asahi(EY),Chubu,Tokai,Aichi,35.22,136.86,Early Yayoi (I),Ongagawa,Jar,X,X,X,39,C14:0-C28:0,"C18:1, C20:1, C22:1",0.76,"C15i, a (tr); C17i, a (tr)",,C25-C33 ,,,no,no,no,no,no,,,,,-30.317,-30.118,0.199
ENC049,ASA,ASA047IAE,Asahi(EY),Chubu,Tokai,Aichi,35.22,136.86,Early Yayoi (I),Ongagawa,Jar,X,X,X,37,C14:0-C26:0,"C18:1, C18:2 (9-cis,11-trans)",2.02,,C9-C11,,Methyl-DHA (tr),,no,no,no,no,yes,89.2,,,,-26.833,-26.82,0.013
ENC050,ASA,ASA048IAE,Asahi(EY),Chubu,Tokai,Aichi,35.22,136.86,Early Yayoi (I),Ongagawa,Jar,X,X,X,9,C14:0-C26:0,"C18:1, C22:1",1.49,"C15i, a; C16i; C17i, a",,,,yes,no,no,no,no,no,,,,,-28.863,-28.034,0.829
ENC051,ASA,ASA049IAE,Asahi(MY),Chubu,Tokai,Aichi,35.22,136.86,Middle Yayoi (II),Jokonmon,Cooking vessel,X,,,356,C14:0-C26:0,"C18:1, C20:1",1.15,"C15i, a; C16i; C17i, a; C18i",C9-C14,,,,,,no,no,no,,,,,-26.791,-25.869,0.922
ENC052,ASA,ASA050IAE,Asahi(MY),Chubu,Tokai,Aichi,35.22,136.86,Middle Yayoi (II),Unknown,Bowl,X,,,4,,,,,,,,,,,no,no,yes,,,,,,,
ENC053,ASA,ASA051IAE,Asahi(EY),Chubu,Tokai,Aichi,35.22,136.86,Early Yayoi (I),Ongagawa,Cooking vessel,X,X,X,34,C15:0-C34:0,"C18:1, C22:1",0.66,"C17i, a",C19-C22,"C26, C28, C30, C32",,,no,no,no,no?,yes,65.8,,,,-28.384,-29.006,-0.622
ENC054,ASA,ASA052IAE,Asahi(MY),Chubu,Tokai,Aichi,35.22,136.86,Middle Yayoi (II),Jokonmon,Cooking vessel,X,X,X,16,C14:0-C32:0,"C18:1, C22:1",0.78,,,C27-C31 ,,,no,no,no,no,yes,80.2,,,,-28.205,-28.818,-0.613
ENC055,ASA,ASA053IAE,Asahi(MY),Chubu,Tokai,Aichi,35.22,136.86,Middle Yayoi (II),Jokonmon,Cooking vessel,X,X,X,104,C14:0-C32:0,"C18:1, C20:1, C22:1",0.94,"C15i, a; C17i, a",,"C27, C29, C31",,,no,no,no,no,no,,,,,-26.551,-25.578,0.973
ENC056,ASA,ASA054IAE,Asahi(MY),Chubu,Tokai,Aichi,35.22,136.86,Middle Yayoi (II),Ongagawa,Bowl,X,X,X,51,C14:0-C32:0,"C18:1, C22:1",1.44,"C15i, a; C17i, a",,C26-C33 ,,,no,no,no,no,yes,78.4,,,,-22.227,-27.954,-5.727
ENC057,ASA,ASA055IAE,Asahi(EY),Chubu,Tokai,Aichi,35.22,136.86,Early Yayoi (I),Ongagawa,Cooking vessel,X,,,10,C14:0-C24:0,"C18:1, C20:1, C22:1",0.72,"C17i, a",,C25-C33,,,,,no,yes,no,,,,,-28.555,-29.173,-0.618
ENC058,ASA,ASA056IAE,Asahi(EY),Chubu,Tokai,Aichi,35.22,136.86,Early Yayoi (I),Ongagawa,Cooking vessel,X,X,X,43,C14:0-C34:0,"C18:1, C20:1, C22:1",0.91,,"C11, C12",C26-C33,,,no,no,no,no,yes,65.2,,,,-29.607,-29.451,0.156
ENC059,ASA,ASA057IAE,Asahi(MY),Chubu,Tokai,Aichi,35.22,136.86,Middle Yayoi (II),Jokonmon,Jar,X,X,X,25,C14:0-C24:0,"C18:1, C20:1",0.69,"C15i, a (tr); C17i, a (tr)",,C25-C33,,,no,no,no,no,no,,,,,-29.754,-29.576,0.178
ENC060,ASA,ASA058IAE,Asahi(EY),Chubu,Tokai,Aichi,35.22,136.86,Early Yayoi (I),Jokonmon,Jar,X,,,19,C14:0-C28:0,"C18:1, C20:1, C22:1",0.66,"C15i, a (tr); C17i, a (tr)",,C27-C33,,,,,no,no,no,20.2,,,,-29.548,-29.338,0.21
ENC061,ASA,ASA059IAE,Asahi(MY),Chubu,Tokai,Aichi,35.22,136.86,Middle Yayoi (II),Jokonmon,Cooking vessel,X,X,X,21,C14:0-C34:0,"C18:1, C20:1, C22:1",0.58,"C17i, a (tr)",,C27-C33 ,,,no,no,no,no,no,,,,,-29.15,-29.161,-0.011
ENC062,ASA,ASA060IAE,Asahi(EY),Chubu,Tokai,Aichi,35.22,136.86,Early Yayoi (I),Ongagawa,Cooking vessel,X,X,X,38,C14:0-C28:0,C18:1,0.72,"C15i, a (tr); C17i, a (tr)",,C26-C33 ,,,no,no,no,no,no,,,,,-29.528,-29.71,-0.182
ENC063,ASA,ASA061IAE,Asahi(MY),Chubu,Tokai,Aichi,35.22,136.86,Middle Yayoi (II),Jokonmon,Cooking vessel,X,X,X,26,C14:0-C30:0,"C18:1, C20:1, C22:1",1.54,"C15i, a; C16i; C17i, a; C18i",,C28-C31 ,,,no,no,yes,no,yes,85.5,,,,-21.882,-25.042,-3.16
ENC064,ASA,ASA062IAE,Asahi(MY),Chubu,Tokai,Aichi,35.22,136.86,Middle Yayoi (II),Jokonmon,Cooking vessel,X,X,,9,C14:0-C30:0,"C18:1, C22:1",0.64,"C15i, a (tr); C17i, a (tr)",,C27-C31,,,,,no,no,no,,,,,-28.452,-28.285,0.167
ENC065,ASA,ASA063IAE,Asahi(MY),Chubu,Tokai,Aichi,35.22,136.86,Middle Yayoi (II),Jokonmon,Cooking vessel,X,,,14,C14:0-C28:0,"C18:1, C22:1",0.71,"C17i, a (tr)",,C26-C33,,,,,no,yes,no,,,,,-29.223,-29.272,-0.049
ENC066,ASA,ASA064IAE,Asahi(MY),Chubu,Tokai,Aichi,35.22,136.86,Middle Yayoi (II),Jokonmon,Cooking vessel,X,,,8,C14:0-C32:0,C18:1,0.69,"C15i, a ; C17i, a",,,,,,,no,yes,no,,,,,-28.159,-28.973,-0.814
ENC067,ASA,ASA065IAE,Asahi(EY),Chubu,Tokai,Aichi,35.22,136.86,Early Yayoi (I),Ongagawa,Cooking vessel,X,,,104,C12:0-C30:0,C18:1,1.18,"C15i, a ; C17i, a",C9-C13,,,,,,no,no,no,,"APAA18, APAA20(tr)",4.7,,-26.706,-26.244,0.462
ENC068,ASA,ASA066IAE,Asahi(EY),Chubu,Tokai,Aichi,35.22,136.86,Early Yayoi (I),Unknown,Jar,X,,,40,C14:0-C28:0,C18:1,0.75,"C15i, a (tr); C17i, a (tr)",,C25-C33,,,,,no,no,no,,,,,-29.898,-30.066,-0.168
ENC069,ASA,ASA067IAE,Asahi(EY),Chubu,Tokai,Aichi,35.22,136.86,Early Yayoi (I),Jokonmon,Bowl,X,,X,23,C14:0-C26:0,"C16:1; C18:1, C22:1",0.8,"C15i, a; C17i, a",C13,C26-C32,,,no,no,no,yes,no,,,,,-28.953,-28.228,0.725
ENC070,ASA,ASA068IAE,Asahi(MY),Chubu,Tokai,Aichi,35.22,136.86,Middle Yayoi (II),Unknown,Jar,X,X,,17,C14:0-C26:0,"C18:1, C20:1, C22:1",1.2,"C17i, a (tr)",,C27-C32,,,,,no,no,no,,,,,-29.758,-28.686,1.072
ENC071,ASA,ASA069IAE,Asahi(MY),Chubu,Tokai,Aichi,35.22,136.86,Middle Yayoi (II),Jokonmon,Cooking vessel,X,X,,109,C12:0-C30:0,"C18:1, C20:1, C22:1",1.2,"C15i, a; C16i; C17i, a; C18i","C9 (high), C10-C15",C29-C32,,,,,yes,no,no,,"APAA16, APAA18, APAA20",4.4,0.126,-22.28,-21.528,0.752
ENC072,ASA,ASA070IAE,Asahi(MY),Chubu,Tokai,Aichi,35.22,136.86,Middle Yayoi (II),Ongagawa,Bowl,X,,,37,C14:0-C26:0,"C18:1, C20:1, C22:1",1.47,"C15i, a; C16i; C17i, a; C18i",C11-C15,,,,,,yes,no,yes,73,,,,-24.573,-25.165,-0.592
ENC073,ASA,ASA071IAE,Asahi(MY),Chubu,Tokai,Aichi,35.22,136.86,Middle Yayoi (II),Jokonmon,Cooking vessel,X,,,7,C14:0-C32:0,"C18:1, C22:1",1.07,"C17i, a",,,,,,,yes,no,yes,78.8,,,,-26.179,-27.074,-0.895
ENC074,ASA,ASA072IAE,Asahi(MY),Chubu,Tokai,Aichi,35.22,136.86,Middle Yayoi (II),Jokonmon,Cooking vessel,X,,,18,C14:0-C32:0,"C18:1, C22:1",1.24,"C15i, a; C16i; C17i, a; C18i",C11-C13,C28-C33,,,,,yes,no,yes,74.7,,,,-27.29,-28.344,-1.054
ENC075,ASA,ASA073IAE,Asahi(MY),Chubu,Tokai,Aichi,35.22,136.86,Middle Yayoi (II),Jokonmon,Cooking vessel,X,X,X,14,C14:0-C30:0,"C18:1, C20:1, C22:1",0.81,"C15i, a; C16i; C17i, a",,C28-C31,,,no,no,no,no,no,,,,,-30.055,-30.045,0.01
ENC076,ASA,ASA074IAE,Asahi(EY),Chubu,Tokai,Aichi,35.22,136.86,Early Yayoi (I),Ongagawa,Cooking vessel,X,,,2,,,,,,,,,,,no,no,yes,,,,,,,
ENC077,ASA,ASA075IAE,Asahi(EY),Chubu,Tokai,Aichi,35.22,136.86,Early Yayoi (I),Jokonmon,Cooking vessel,X,,,5,,,,,,,,,,,no,no,no,,,,,,,
ENC078,ASA,ASA076IAE,Asahi(EY),Chubu,Tokai,Aichi,35.22,136.86,Early Yayoi (I),Ongagawa,Cooking vessel,X,,,2,,,,,,,,,,,no,no,no,,,,,,,
ENC079,ASA,ASA077IAE,Asahi(MY),Chubu,Tokai,Aichi,35.22,136.86,Middle Yayoi (II),Jokonmon,Cooking vessel,X,,,3,,,,,,,,,,,no,no,yes,,,,,,,
ENC080,ASA,ASA078IAE,Asahi(MY),Chubu,Tokai,Aichi,35.22,136.86,Middle Yayoi (II),Jokonmon,Cooking vessel,X,X,X,73,C14:0-C34:0,"C18:1, C22:1",0.89,"C15i, a ; C17i, a",,"C27, C29, C31",,,no,no,no,no,no,,,,,-26.236,-25.053,1.183
ENC081,ASA,ASA079IAE,Asahi(MY),Chubu,Tokai,Aichi,35.22,136.86,Middle Yayoi (II),Jokonmon,Jar,X,X,,49,C14:0-C28:0,"C18:1, C20:1, C22:1",0.71,"C15i, a ; C17i, a",,,,,,,no,no,no,,,,,-26.714,-25.678,1.036
ENC082,ASA,ASA080IAE,Asahi(EY),Chubu,Tokai,Aichi,35.22,136.86,Early Yayoi (I),Jokonmon,Cooking vessel,X,,,16,C14:0-C26:0,"C18:1, C22:1",1.14,"C14i; C15i, a; C16i; C17i, a; C18i",,C27-C32,,,,,no,no,no,,APAA18,,,-29.312,-29.521,-0.209
ENC083,ASA,ASA081IAE,Asahi(MY),Chubu,Tokai,Aichi,35.22,136.86,Middle Yayoi (II),Jokonmon,Cooking vessel,X,,,55,C14:0-C34:0,"C18:1, C20:1",0.56,"C15i, a (tr); C17i, a (tr)",,,,,,,no,no,no,,,,,-25.632,-24.295,1.337
ENC084,ASA,ASA082IAE,Asahi(MY),Chubu,Tokai,Aichi,35.22,136.86,Middle Yayoi (II),Jokonmon,Cooking vessel,X,,,9,C14:0-C22:0,C18:1,0.87,"C17i, a",,,,,,,no,no,no,,,,,-29.859,-29.648,0.211
ENC085,ASA,ASA083IAE,Asahi(EY),Chubu,Tokai,Aichi,35.22,136.86,Early Yayoi (I),Ongagawa,Cooking vessel,X,X,X,20,C14:0-C34:0,"C18:1, C22:1",1.04,,,C29-C32,,,no,no,no,no,no,,,,,-29.773,-29.306,0.467
ENC086,ASA,ASA084IAE,Asahi(MY),Chubu,Tokai,Aichi,35.22,136.86,Middle Yayoi (II),Jokonmon,Cooking vessel,X,X,,64,C14:0-C34:0,C18:1,0.72,,,,,,,,no,no,no,,,,,-26.237,-25.274,0.963
ENC087,ASA,ASA085IAE,Asahi(EY),Chubu,Tokai,Aichi,35.22,136.86,Early Yayoi (I),Ongagawa,Cooking vessel,X,,,5,,,,,,,,,,,no,no,no,,,,,,,
ENC088,ASA,ASA086IAE,Asahi(MY),Chubu,Tokai,Aichi,35.22,136.86,Middle Yayoi (II),Jokonmon,Cooking vessel,X,,,85,C14:0-C34:0,"C18:1, C20:1",0.89,"C14:0i; C15i, a; C16i; C17i, a; C18i",,,,,,,no,no,yes,78.5,,,,-26.388,-25.033,1.355
ENC089,ASA,ASA087IAE,Asahi(MY),Chubu,Tokai,Aichi,35.22,136.86,Middle Yayoi (II),Jokonmon,Cooking vessel,X,,,19,C14:0-C30:0,"C18:1, C22:1",2.56,"C15i, a; C17i, a",,"C31, C32",,,,,yes,no,yes,58,,,,-22.635,-27.015,-4.38
ENC090,ASA,ASA088IAE,Asahi(MY),Chubu,Tokai,Aichi,35.22,136.86,Middle Yayoi (II),Jokonmon,Cooking vessel,X,,,50,C14:0-C24:0,"C18:1, C22:1",1.16,"C15i, a; C17i, a",,C26-C35,,,,,no,no,no,,,,,-29.674,-29.884,-0.21
ENC091,ASA,ASA089IAE,Asahi(EY),Chubu,Tokai,Aichi,35.22,136.86,Early Yayoi (I),Ongagawa,Cooking vessel,X,X,X,75,C14:0-C34:0,C18:1,2.58,"C15i, a; C17i, a",,C25-C36 ,,,no,no,yes,no,no,,APAA18,8.2,,-32.147,-32.174,-0.027
ENC092,ASA,ASA090IAE,Asahi(MY),Chubu,Tokai,Aichi,35.22,136.86,Middle Yayoi (II),Unknown,Cooking vessel,X,X,,8,C14:0-C28:0,"C18:1, C22:1",0.72,"C14:0i; C15i, a; C16i; C17i, a",,C26-C33,,,,,no,no,no,,,,,-29.82,-29.824,-0.004
ENC093,ASA,ASA091IAE,Asahi(MY),Chubu,Tokai,Aichi,35.22,136.86,Middle Yayoi (II),Unknown,Cooking vessel,X,,X,21,C14:0-C22:0,C18:1,0.72,"C15i, a; C17i, a",,C26-C33,,,no,no,no,no,no,,,,,-30.189,-29.838,0.351
ENC094,ASA,ASA092IAE,Asahi(EY),Chubu,Tokai,Aichi,35.22,136.86,Early Yayoi (I),Ongagawa,Jar,X,,,2,,,,,,,,,,,no,no,no,,,,,,,
ENC095,ASA,ASA093IAE,Asahi(MY),Chubu,Tokai,Aichi,35.22,136.86,Middle Yayoi (II),Jokonmon,Cooking vessel,X,,,11,C14:0-C24:0,"C18:1, C22:1",1.08,"C14:0i; C15i, a; C16i; C17i, a; C18i",,,,,,,no,no,no,,,,,-27.213,-28.485,-1.272
ENC096,ASA,ASA094IAE,Asahi(EY),Chubu,Tokai,Aichi,35.22,136.86,Early Yayoi (I),Ongagawa,Cooking vessel,X,,,4,,,,,,,,,,,yes,no,yes,,,,,-26.885,-27.935,-1.05
ENC097,ASA,ASA095IAE,Asahi(EY),Chubu,Tokai,Aichi,35.22,136.86,Early Yayoi (I),Ongagawa,Cooking vessel,X,,X,31,C14:0-C28:0,"C18:1, C22:1",1,"C14:0i; C15i, a; C16i; C17i, a; C18i",,C28-C33,,,no,no,no,no,no,,,,,-28.446,-29.036,-0.59
ENC098,ASA,ASA096IAE,Asahi(MY),Chubu,Tokai,Aichi,35.22,136.86,Middle Yayoi (II),Ongagawa,Cooking vessel,X,X,X,13,C14:0-C30:0,C18:1,1,"C17i, a",,,,,no,no,no,no,no,,APAA18,6.4,,-29.044,-29.045,-0.001
ENC099,ASA,ASA097IAE,Asahi(MY),Chubu,Tokai,Aichi,35.22,136.86,Middle Yayoi (II),Ongagawa,Cooking vessel,X,,,24,C14:0-C26:0,"C18:1, C22:1",1.14,"C14:0i; C15i, a; C16i; C17i, a",,C26,Methyl-DHA,,,,no,no,yes,76.7,,,,-29.512,-29.698,-0.186
ENC100,ASA,ASA098IAE,Asahi(MY),Chubu,Tokai,Aichi,35.22,136.86,Middle Yayoi (II),Jokonmon,Jar,X,,,6,C14:0-C22:0,C18:1,1.07,"C15i, a (tr); C17i, a (tr)",,,Methyl-DHA,,,,no,no,no,,,,,-29.541,-29.606,-0.065
ENC101,ASA,ASA099IAE,Asahi(MY),Chubu,Tokai,Aichi,35.22,136.86,Middle Yayoi (II),Unknown,Jar,X,,,19,C14:0-C26:0,C18:1,0.72,"C15i, a; C17i, a",,C28-C30,,,,,no,no,no,,,,,-29.473,-29.789,-0.316
ENC102,ASA,ASA100IAE,Asahi(MY),Chubu,Tokai,Aichi,35.22,136.86,Middle Yayoi (II),Unknown,Jar,X,,,4,,,,,,,,,,,no,no,no,,,,,-29.627,-29.833,-0.206
ENC103,ASA,ASA101IAE,Asahi(MY),Chubu,Tokai,Aichi,35.22,136.86,Middle Yayoi (II),Jokonmon,Bowl,X,,,15,C14:0-C24:0,"C18:1, C22:1",1.05,"C14i; C15i, a; C16i; C17i, a",,,,,,,no,no,no,,,,,-29.15,-29.18,-0.03
ENC104,ASA,ASA102IAE,Asahi(MY),Chubu,Tokai,Aichi,35.22,136.86,Middle Yayoi (II),Ongagawa,Cooking vessel,X,,,5,,,,,,,,,,,no,no,no,,,,,-29.285,-29.576,-0.291
ENC105,ASA,ASA103IAE,Asahi(EY),Chubu,Tokai,Aichi,35.22,136.86,Early Yayoi (I),Ongagawa,Jar,X,,,30,C14:0-C26:0,C16:1; C18:1; C22:1,1.3,"C15i, a; C17i, a (tr)",,,,,,,no,no,no,,,,,-29.91,-30.038,-0.128
ENC106,ASA,ASA104IAE,Asahi(MY),Chubu,Tokai,Aichi,35.22,136.86,Middle Yayoi (II),Jokonmon,Cooking vessel,X,X,X,31,C14:0-C32:0,"C18:1, C22:1",0.92,"C15i, a; C17i, a",,C26-C31 ,,,no,no,no,no,no,,,,,-29.718,-29.556,0.162
ENC107,ASA,ASA105IAE,Asahi(EY),Chubu,Tokai,Aichi,35.22,136.86,Early Yayoi (I),Ongagawa,Cooking vessel,X,X,X,265,C14:0-C28:0,C18:1,0.99,"C17i, a (tr)",C9-C13,,,,no,no,yes,no,no,,"APAA18, APAA20(tr)",5.5,,-26.157,-25.693,0.464
ENC108,ASA,ASA106IAE,Asahi(MY),Chubu,Tokai,Aichi,35.22,136.86,Middle Yayoi (II),Unknown,Jar,X,,,66,C12:0-C26:0,"C18:1, C22:1",1.03,"C15i, a; C17i, a",C9-C11,C26-C33,Methyl-DHA (tr),,,,no,no,no,,,,,-30.029,-29.933,0.096
ENC109,ASA,ASA107IAE,Asahi(MY),Chubu,Tokai,Aichi,35.22,136.86,Middle Yayoi (II),Unknown,Cooking vessel,X,X,X,24,C14:0-C29:0,"C16:1; C18:1, C22:1",1.04,"C15i, a; C17i, a",,,,,no,no,no,no,no,,,,,-29.446,-29.77,-0.324
ENC110,ASA,ASA108IAE,Asahi(MY),Chubu,Tokai,Aichi,35.22,136.86,Early Yayoi (I),Ongagawa,Bowl,X,,X,36,C14:0-C28:0,"C16:1; C18:1, C22:1",1.28,"C15i, a; C16i; C17i, a",C11,C26-C31,,,no,no,no,no,no,,,,,-28.884,-28.295,0.589
ENC111,NKY,NKY01IAE,Nakaya,Chubu,Central Highlands,Yamanashi,35.35016339,138.5528648,Early Final Jomon,,Cooking vessel,X,,,10,C14:0-C30:0,C18:1,1.14,"C15i, a; C16i; C17i, a",,C23-C28,Unidentified compound (Magnolol? tr: 24.268),,,,no,yes,no,,,,,,,
ENC112,NKY,NKY02IAE,Nakaya,Chubu,Central Highlands,Yamanashi,35.35016339,138.5528648,Early Final Jomon,,Cooking vessel,X,,,5,C14:0-C28:0,C18:1,,"C15i, a; C16i; C17i, a (only trace)",,,,,,,no,no,no,,,,,,,
ENC113,NKY,NKY03IAE,Nakaya,Chubu,Central Highlands,Yamanashi,35.35016339,138.5528648,Early Final Jomon,,Cooking vessel,X,,,18,C14:0-C26:0,C18:1,0.98,"C15i, a; C16i; C17i, a (only trace)",,C23-C29,Juvabione,,,,no,no,no,,,,,-29.505,-29.294,0.211
ENC114,NKY,NKY04IAE,Nakaya,Chubu,Central Highlands,Yamanashi,35.35016339,138.5528648,Early Final Jomon,,Cooking vessel,X,,,1,,,,,,,,,,,no,no,no,,,,,,,
ENC115,NKY,NKY05IAE,Nakaya,Chubu,Central Highlands,Yamanashi,35.35016339,138.5528648,Early Final Jomon,,Cooking vessel,X,,X,16,C14:0-C28:0,C18:1,1.17,"C15i, a; C16i; C17i, a",,C23-C28,"Juvabione, Methyl-DHA",,no,no,no,no,no,,,,,-29.194,-29.11,0.084
ENC116,NKY,NKY06IAE,Nakaya,Chubu,Central Highlands,Yamanashi,35.35016339,138.5528648,Early Final Jomon,,Cooking vessel,X,,,39,C14:0-C30:0,C16:1; C18:1,1.23,"C15i, a; C16i; C17i, a (only trace)",,C22-C31,"Juvabione (tr), Methyl-DHA, 7-oxo-DHA",,,,no,no,no,,,,,-29.239,-29.19,0.049
ENC117,NKY,NKY07IAE,Nakaya,Chubu,Central Highlands,Yamanashi,35.35016339,138.5528648,Early Final Jomon,,Cooking vessel,X,,,43,C12:0-C30:0,"C18:1; C20:1, C22:1; C24:1",0.48,"C15i, a; C16i; C17i (only trace)",C9-C17,,"Juvabione (tr), Methyl-DHA (tr)",,,,no,no,no,,"APAA16, APAA18, APAA20",3.5,0.285,-29.253,-29.257,-0.004
ENC118,NKY,NKY08IAE,Nakaya,Chubu,Central Highlands,Yamanashi,35.35016339,138.5528648,Early Final Jomon,,Cooking vessel,X,,,45,C12:0-C30:0,"C18:1, C20:1",0.48,"C15i, a; C16i; C17i, a, C18i; C19i, a",C9-C15 (low),C25-C29,,,,,no,no,yes,71.9,"APAA18, APAA20",2.5,0.051,-27.727,-28.485,-0.758
ENC119,NKY,NKY09IAE,Nakaya,Chubu,Central Highlands,Yamanashi,35.35016339,138.5528648,Early Final Jomon,,Cooking vessel,X,,,9,C14:0-C28:0,C16:1; C18:1,1.09,"C15i, a; C16i; C17i, a",,C23-C29,Methyl-DHA; 7-oxo-DHA,,,,no,yes,no,,,,,-28.976,-28.942,0.034
ENC120,NKY,NKY10IAE,Nakaya,Chubu,Central Highlands,Yamanashi,35.35016339,138.5528648,Early Final Jomon,,Cooking vessel,X,,,28,C12:0-C28:0,C18:1; C18:2,1.22,"C15i, a; C16i; C17i, a",,C22-C31,Juvabione (tr),,,,no,no,no,,,,,-29.74,-29.591,0.149
ENC121,NKY,NKY11IAE,Nakaya,Chubu,Central Highlands,Yamanashi,35.35016339,138.5528648,Early Final Jomon,,Cooking vessel,X,,,30,C14:0-C30:0,C18:1,0.32,"C15i, a; C16i; C17i, a, C18i; C19i, a",C10-C18,,,,,,no,no,yes,66.7,,,,-27.217,-29.499,-2.282
ENC122,NKY,NKY12IAE,Nakaya,Chubu,Central Highlands,Yamanashi,35.35016339,138.5528648,Early Final Jomon,,Cooking vessel,X,,,17,C12:0-C28:0,C18:1,1.23,"C15i, a; C16i",,C23-C31,Methyl-DHA ; 7-oxo-DHA,,,,no,no,no,,,,,-29.272,-29.362,-0.09
ENC123,NKY,NKY13IAE,Nakaya,Chubu,Central Highlands,Yamanashi,35.35016339,138.5528648,Early Final Jomon,,Cooking vessel,X,X,,68,C14:0-C30:0,C18:1,0.26,"C15i, a; C16i; C17i, a, C18i; C19i, a",C13,,,,,,no,no,no,,,,,-26.873,-26.642,0.231
ENC124,NKY,NKY14IAE,Nakaya,Chubu,Central Highlands,Yamanashi,35.35016339,138.5528648,Early Final Jomon,,Cooking vessel,X,,,37,C12:0-C30:0,C18:1; C18:2; C22:1; C24:1,1.31,C15i; C16i; C17i,C9-C15,,Olean-18-ene ; Germanicol or lupeol,,,,no,no,no,,,,,-29.353,-29.658,-0.305
ENC125,NKY,NKY15IAE,Nakaya,Chubu,Central Highlands,Yamanashi,35.35016339,138.5528648,Early Final Jomon,,Cooking vessel,X,,,6,C12:0-C28:0,C18:1,1.19,"C15i, a; C16i; C17i, a",,,,,,,no,yes,no,,,,,-28.583,-28.323,0.26
ENC126,NKY,NKY16IAE,Nakaya,Chubu,Central Highlands,Yamanashi,35.35016339,138.5528648,Early Final Jomon,,Cooking vessel,X,,,3,,,,,,,,,,,no,yes,no,,,,,,,
ENC127,NKY,NKY17IAE,Nakaya,Chubu,Central Highlands,Yamanashi,35.35016339,138.5528648,Early Final Jomon,,Cooking vessel,X,,,9,C14:0-C32:0,C18:1,1.2,"C15i, a; C16i; C17i, a","C13, C15",,,,,,no,no,no,,,,,,,
ENC128,NKY,NKY18IAE,Nakaya,Chubu,Central Highlands,Yamanashi,35.35016339,138.5528648,Early Final Jomon,,Cooking vessel,X,,,5,C12:0-C30:0,C18:1,1.2,"C15i, a; C16i; C17i, a",,,,,,,no,yes,no,,,,,,,
ENC129,NKY,NKY19IAE,Nakaya,Chubu,Central Highlands,Yamanashi,35.35016339,138.5528648,Early Final Jomon,,Cooking vessel,X,,,2,,,,,,,,,,,no,no,no,,,,,,,
ENC130,NKY,NKY20IAE,Nakaya,Chubu,Central Highlands,Yamanashi,35.35016339,138.5528648,Early Final Jomon,,Cooking vessel,X,,,7,C14:0-C30:0,C18:1,0.8,,,,,,,,no,no,no,,,,,,,
ENC131,NKY,NKY21IAE,Nakaya,Chubu,Central Highlands,Yamanashi,35.35016339,138.5528648,Early Final Jomon,,Cooking vessel,X,,,14,C14:0-C30:0,C16:1; C18:1,1.28,"C15i, a; C16i; C17i, a",,,Methyl-DHA; 7oxo-DHA,,,,no,yes,no,,,,,-28.295,-28.35,-0.055
ENC132,NKY,NKY22IAE,Nakaya,Chubu,Central Highlands,Yamanashi,35.35016339,138.5528648,Early Final Jomon,,Cooking vessel,X,,,4,,,,,,,,,,,no,no,no,,"APAA18, APAA20",3.6,0.035,,,
ENC133,NKY,NKY23IAE,Nakaya,Chubu,Central Highlands,Yamanashi,35.35016339,138.5528648,Early Final Jomon,,Cooking vessel,X,,,4,,,,,,,,,,,no,no,no,,,,,,,
ENC134,NKY,NKY24IAE,Nakaya,Chubu,Central Highlands,Yamanashi,35.35016339,138.5528648,Early Final Jomon,,Cooking vessel,X,,,6,C14:0-C28:0,C16:1; C18:1,0.77,"C16i; C17i, a",,,Juvabione,,,,no,yes,no,,,,,-28.734,-28.914,-0.18
ENC135,NKY,NKY25IAE,Nakaya,Chubu,Central Highlands,Yamanashi,35.35016339,138.5528648,Early Final Jomon,,Cooking vessel,X,,X,28,C14:0-C32:0,C18:1; C18:2,1.4,"C15i, a; C16i; C17i, a",C9-C13; C15; C17; C19; C21,C24; C25; C26; C27,"Methyl-DHA (tr); Lupeol, Olean-18-ene or lupeol derivative",,no,no,no,no,no,,"APAA18, APAA20",6.4,0.013,-29.197,-28.903,0.294
ENC136,NKY,NKY26IAE,Nakaya,Chubu,Central Highlands,Yamanashi,35.35016339,138.5528648,Early Final Jomon,,Cooking vessel,X,,,16,C14:0-C28:0,C18:1,0.93,"C15i, a; C16i; C17i, a",,C22-C30 ,Juvabione; Methyl-DHA; 7-oxo-DHA (tr),,,,no,no,no,,,,,-29.077,-28.747,0.33
ENC137,NKY,NKY27IAE,Nakaya,Chubu,Central Highlands,Yamanashi,35.35016339,138.5528648,Early Final Jomon,,Cooking vessel,X,,X,23,C14:0-C32:0,"C16:1, C18:1; C18:2",1.44,"C15i, a; C16i; C17i, a",C11-C15,C27-C31 ,"Methyl-DHA (tr); Lupeol, Olean-18-ene or lupeol derivative",,no,no,no,yes,no,,,,,-28.871,-28.846,0.025
ENC138,NKY,NKY28IAE,Nakaya,Chubu,Central Highlands,Yamanashi,35.35016339,138.5528648,Early Final Jomon,,Cooking vessel,X,,,9,C14:0-C28:0,C18:1,0.82,"C15i, a; C16i; C17i, a",,C23-C27 ,Juvabione; Methyl-DHA (tr),,,,no,no,no,,,,,-28.985,-28.997,-0.012
ENC139,NKY,NKY29IAE,Nakaya,Chubu,Central Highlands,Yamanashi,35.35016339,138.5528648,Early Final Jomon,,Cooking vessel,X,,,20,C14:0-C26:0,C18:1,1.03,"C15i, a; C16i; C17i, a",,C22-C30 ,Juvabione,,,,no,no,no,,,,,-29.76,-29.387,0.373
ENC140,NKY,NKY30IAE,Nakaya,Chubu,Central Highlands,Yamanashi,35.35016339,138.5528648,Early Final Jomon,,Cooking vessel,X,,X,12,C14:0-C26:0,C16:1; C18:1,1.12,"C15i, a; C16i; C17i, a",,C22-C26,Juvabione; Methyl-DHA (tr),,no,no,no,no,no,,,,,-29.205,-29.25,-0.045
ENC141,NMC,NMC01IAE,Nakamichi,Chubu,Central Highlands,Yamanashi,35.75463182,138.431831,Late Final Jomon,,Cooking vessel,X,,X,59,C12:0-C32:0,C18:1; C18:2,0.32,"C15i, a; C16i; C17i, a",C9-C19,,,,no,no,no,no,yes,66.8,,,,-27.475,-31.128,-3.653
ENC142,NMC,NMC02IAE,Nakamichi,Chubu,Central Highlands,Yamanashi,35.75463182,138.431831,Late Final Jomon,,Cooking vessel,X,X,X,33,C14:0-C32:0,C18:1; C18:2,0.84,"C15i, a; C16i; C17i, a",C9-C13 (C9 relitively high),C27-C33,,,no,no,no,no,no,,,,,-26.061,-28.98,-2.919
ENC143,NMC,NMC03IAE,Nakamichi,Chubu,Central Highlands,Yamanashi,35.75463182,138.431831,Late Final Jomon,,Cooking vessel,X,,X,11,C14:0-C32:0,C18:1,0.91,"C16i; C17i, a",,C23-C31 ,"Juvabione, Methyl-DHA",,no,no,yes,no,no,,,,,-29.403,-28.877,0.526
ENC144,NMC,NMC04IAE,Nakamichi,Chubu,Central Highlands,Yamanashi,35.75463182,138.431831,Late Final Jomon,,Cooking vessel,X,,X,10,C12:0-C30:0,C18:1,0.99,"C15i, a; C16i; C17i, a",C15-C24 (Only traces),C24-C29 ,"Juvabione, Methyl-DHA; 7-oxo-DHA",,no,no,no,no,no,,,,,-29.069,-28.856,0.213
ENC145,NMC,NMC05IAE,Nakamichi,Chubu,Central Highlands,Yamanashi,35.75463182,138.431831,Late Final Jomon,,Cooking vessel,X,,X,7,C12:0-C28:0,C18:1,0.83,"C15i, a; C16i; C17i, a",,C25-C33 ,"Juvabione,Methyl-DHA",,no,no,no,yes,no,,,,,-27.879,-28.534,-0.655
ENC146,NMC,NMC06IAE,Nakamichi,Chubu,Central Highlands,Yamanashi,35.75463182,138.431831,Late Final Jomon,,Cooking vessel,X,X,,61,C12:0-C24:0,,0.91,,C9-C20,,,,,,no,no,no,,"APAA16, APAA18",8.9,,-26.366,-26.701,-0.335
ENC147,NMC,NMC07IAE,Nakamichi,Chubu,Central Highlands,Yamanashi,35.75463182,138.431831,Late Final Jomon,,Cooking vessel,X,,,9,C12:0-C32:0,C18:1,1.13,"C15i, a; C16i; C17i, a",,,"Juvabione, Methyl-DHA",,,,no,no,no,,,,,-29.442,-29.142,0.3
ENC148,NMC,NMC08IAE,Nakamichi,Chubu,Central Highlands,Yamanashi,35.75463182,138.431831,Late Final Jomon,,Cooking vessel,X,X,,76,C12:0-C32:0,,0.52,"C15i, a; C16i; C17i, a",C11-C25,,,,,,no,no,yes,71,,,,-26.954,-29.941,-2.987
ENC149,NMC,NMC09IAE,Nakamichi,Chubu,Central Highlands,Yamanashi,35.75463182,138.431831,Late Final Jomon,,Cooking vessel,X,,,8,C12:0-C32:0,C18:1,0.41,,,,,,,,no,no,yes,66.3,,,,,,
ENC150,NMC,NMC10IAE,Nakamichi,Chubu,Central Highlands,Yamanashi,35.75463182,138.431831,Late Final Jomon,,Cooking vessel,X,,,128,C12:0-C30:0,,0.9,,C15-C24,,"Juvabione, Methyl-DHA; Retene (tr)",,,,no,no,no,,,,,-28.88,-29.314,-0.434
ENC151,NMC,NMC11IAE,Nakamichi,Chubu,Central Highlands,Yamanashi,35.75463182,138.431831,Late Final Jomon,,Cooking vessel,X,,X,2,,,,,,,,,no,no,no,no,no,,,,,,,
ENC152,NMC,NMC12IAE,Nakamichi,Chubu,Central Highlands,Yamanashi,35.75463182,138.431831,Late Final Jomon,,Cooking vessel,X,X,,191,C12:0-C30:0,,2.06,"C15i; C16i; C17i, a",C9-C18 (DAs high),,,,,,no,no,yes,84.4,"APAA16, APAA18",6.8,,-23.208,-25.533,-2.325
ENC153,NMC,NMC13IAE,Nakamichi,Chubu,Central Highlands,Yamanashi,35.75463182,138.431831,Late Final Jomon,,Cooking vessel,X,,,4,,,,,,,,,,,no,no,no,,,,,-28.511,-28.611,-0.1
ENC154,NMC,NMC14IAE,Nakamichi,Chubu,Central Highlands,Yamanashi,35.75463182,138.431831,Late Final Jomon,,Cooking vessel,X,,,6,C14:0-C32:0,C18:1,0.99,"C16i; C17i, a",,,,,,,no,no,no,,,,,-29.532,-29.52,0.012
ENC155,NMC,NMC15IAE,Nakamichi,Chubu,Central Highlands,Yamanashi,35.75463182,138.431831,Late Final Jomon,,Cooking vessel,X,,,31,C13:0-C31:0,,1.39,"C15i,a; C16i; C17i, a",C13-C27,,,,,,no,no,no,,,,,,,
ENC156,NMC,NMC16IAE,Nakamichi,Chubu,Central Highlands,Yamanashi,35.75463182,138.431831,Late Final Jomon,,Cooking vessel,X,,,2,,,,,,,"Methyl-DHA; 7-oxo-DHA (tr), retene",,,,no,no,no,,,,,,,
ENC157,NMC,NMC17IAE,Nakamichi,Chubu,Central Highlands,Yamanashi,35.75463182,138.431831,Late Final Jomon,,Cooking vessel,X,,,5,C14:0-C28:0,C18:1,1.01,,,,Methyl-DHA; 7-oxo-DHA (tr),,,,no,no,no,,,,,,,
ENC158,NMC,NMC18IAE,Nakamichi,Chubu,Central Highlands,Yamanashi,35.75463182,138.431831,Late Final Jomon,,Cooking vessel,X,,,4,C14:0-C28:0,C18:1,,,,,"Juvabione, Methyl-DHA; 7-oxo-DHA (tr), retene (tr)",,,,no,no,no,,,,,,,
ENC159,NMC,NMC19IAE,Nakamichi,Chubu,Central Highlands,Yamanashi,35.75463182,138.431831,Late Final Jomon,,Cooking vessel,X,X,,467,C12:0-C26:0,,2.38,"C15i,a; C16i; C17i, a",C9-C16,,,,,,no,no,yes,56.2,"APAA16, APAA18",5.2,,-25.577,-28.1,-2.523
ENC160,NMC,NMC20IAE,Nakamichi,Chubu,Central Highlands,Yamanashi,35.75463182,138.431831,Late Final Jomon,,Cooking vessel,X,,,2,,,,,,,"Methyl-DHA (tr); 7-oxo-DHA (tr), retene (tr)",,,,no,no,no,,,,,,,
ENC161,NMC,NMC21IAE,Nakamichi,Chubu,Central Highlands,Yamanashi,35.75463182,138.431831,Late Final Jomon,,Cooking vessel,X,,,16,C14:0-C30:0,C18:1,0.43,"C16i; C17i, a",C11-C20,,"Juvabione, Methyl-DHA",,,,no,yes,yes,77.3,,,,-27.613,-28.255,-0.642
ENC162,NMC,NMC22IAE,Nakamichi,Chubu,Central Highlands,Yamanashi,35.75463182,138.431831,Late Final Jomon,,Cooking vessel,X,,,2,,,,,,,,,,,no,no,yes,,,,,,,
ENC163,NMC,NMC23IAE,Nakamichi,Chubu,Central Highlands,Yamanashi,35.75463182,138.431831,Late Final Jomon,,Cooking vessel,X,,,726,C14:0-C24:0,C18:1; C18:2,0.46,"C17i, a",C9 (high)-C11,,,,,,no,no,no,,,,,-27.204,-26.55,0.654
ENC164,NMC,NMC24IAE,Nakamichi,Chubu,Central Highlands,Yamanashi,35.75463182,138.431831,Late Final Jomon,,Cooking vessel,X,,,10,C14:0-C24:0,,2.39,C16i; C17i,,C16-C19,"Juvabione, Methyl-DHA (tr); retene (tr)",,,,no,yes,no,,,,,,,
ENC165,NMC,NMC25IAE,Nakamichi,Chubu,Central Highlands,Yamanashi,35.75463182,138.431831,Late Final Jomon,,Cooking vessel,X,,,1,,,,,,,,,,,no,no,no,,,,,,,
ENC166,NMC,NMC26IAE,Nakamichi,Chubu,Central Highlands,Yamanashi,35.75463182,138.431831,Late Final Jomon,,Cooking vessel,X,,,6,C16:0-C30:0,,0.84,,,,,,,,no,no,no,,,,,,,
ENC167,NMC,NMC27IAE,Nakamichi,Chubu,Central Highlands,Yamanashi,35.75463182,138.431831,Late Final Jomon,,Cooking vessel,X,,,2,,,,,,,,yes,,,no,no,no,,,,,,,
ENC168,NMC,NMC28IAE,Nakamichi,Chubu,Central Highlands,Yamanashi,35.75463182,138.431831,Late Final Jomon,,Cooking vessel,X,,,5,C14:0-C30:0,C18:1,1,C16i; C17i,,C23-C25 ,,,,,no,no,no,,,,,,,
ENC169,NMC,NMC29IAE,Nakamichi,Chubu,Central Highlands,Yamanashi,35.75463182,138.431831,Late Final Jomon,,Cooking vessel,X,,,28,C14:0-C30:0,C18:1,1.98,"C15i; C16i; C17i, a",C10-C17,,,yes,,,no,no,yes,0,"APAA16, APAA18",8.4,,-27.377,-27.839,-0.462
ENC170,NMC,NMC30IAE,Nakamichi,Chubu,Central Highlands,Yamanashi,35.75463182,138.431831,Late Final Jomon,,Cooking vessel,X,,,2,,,,,,,Methyl-DHA (tr); 7-oxo-DHA (tr),,,,no,no,no,,,,,,,
ENC171,TSJ,TSJ01IAE,Tenshoji,Chubu,Central Highlands,Yamanashi,35.3339,138.569,Early to Middle Yayoi,,Cooking vessel,X,,X,1641,C14:0-C32:0,"C18:1, C22:1",0.69,"C14i; C15i, a; C16i; C17i, a; C18i; C19i, a; C20i; C21i, a; C22i",C9-C23,,,yes,no,no,no,no,yes,71.5,APAA18,,,-27.404,-29.078,-1.674
ENC172,TSJ,TSJ02IAE,Tenshoji,Chubu,Central Highlands,Yamanashi,35.3339,138.569,Early to Middle Yayoi,,Cooking vessel,X,,X,2217,C12:0-C30:0,C18:1; C18:2,0.84,"C15i, a; C16i; C17i, a; C18i",C9-C18,,,yes,no,no,yes,no,yes,71,"APAA16, APAA18, APAA20",8.6,0.063,-27.295,-29.682,-2.387
ENC173,TSJ,TSJ03IAE,Tenshoji,Chubu,Central Highlands,Yamanashi,35.3339,138.569,Early to Middle Yayoi,,Cooking vessel,X,,X,2347,C12:0-C28:0,C18:1,0.83,"C15i, a; C16i; C17i, a; C18i; C19",C9-C21,,,yes,no,no,yes,no,yes,71.2,"APAA16, APAA18",5.3,,-27.424,-29.708,-2.284
ENC174,TSJ,TSJ04IAE,Tenshoji,Chubu,Central Highlands,Yamanashi,35.3339,138.569,Early to Middle Yayoi,,Cooking vessel,X,,X,2733,C12:0-C26:0,,0.5,,,,,,no,no,no,no,yes,71.5,APAA18,3.3,,-28.247,-31.266,-3.019
ENC175,TSJ,TSJ05IAE,Tenshoji,Chubu,Central Highlands,Yamanashi,35.3339,138.569,Early to Middle Yayoi,,Cooking vessel,X,,X,3353,,,1.14,,,,,,no,no,no,no,yes,70.9,"APAA16, APAA18, APAA20",7.4,0.041,-27.229,-29.15,-1.921
ENC176,TSJ,TSJ06IAE,Tenshoji,Chubu,Central Highlands,Yamanashi,35.3339,138.569,Early to Middle Yayoi,,Cooking vessel,X,,X,1837,C12:0-C30:0,C18:1,0.86,"C14i; C15i, a; C16i; C17i, a; C18i; C19i",C9-C18,,,yes,no,no,no,no,yes,67.2,,,,-27.599,-30.05,-2.451
ENC177,TSJ,TSJ07IAE,Tenshoji,Chubu,Central Highlands,Yamanashi,35.3339,138.569,Early to Middle Yayoi,,Cooking vessel,X,,X,3374,,,0.55,,,,,yes,no,no,no,no,yes,70.8,,,,-27.228,-29.412,-2.184
ENC178,TSJ,TSJ08IAE,Tenshoji,Chubu,Central Highlands,Yamanashi,35.3339,138.569,Early to Middle Yayoi,,Cooking vessel,X,X,X,1721,C12:0-C32:0,C18:1,0.59,"C15i, a; C16i; C17i, a; C18i; C19i, a",C9-C20,,-,,no,no,no,no,yes,59.8,"APAA16, APAA18",4.8,,-26.764,-28.657,-1.893
ENC179,TSJ,TSJ09IAE,Tenshoji,Chubu,Central Highlands,Yamanashi,35.3339,138.569,Early to Middle Yayoi,,Cooking vessel,X,X,X,3657,C12:0-C32:0,"C18:1, C20:1",0.59,"C14i; C15i, a; C16i; C17i, a; C18i; C19i, a",C9-C20,,-,yes,no,no,yes,yes,yes,64.1,"APAA16, APAA18, APAA20",6.9,0.117,-27.008,-29.272,-2.264
ENC180,TSJ,TSJ10IAE,Tenshoji,Chubu,Central Highlands,Yamanashi,35.3339,138.569,Early to Middle Yayoi,,Cooking vessel,X,,X,9825,,,0.54,,,,,,no,no,no,no,yes,53.6,"APAA16, APAA18, APAA20",2.4,0.043,-27.843,-30.573,-2.73
ENC181,TSJ,TSJ11IAE,Tenshoji,Chubu,Central Highlands,Yamanashi,35.3339,138.569,Early to Middle Yayoi,,Cooking vessel,X,,X,2996,C12:0-C32:0,C18:1,0.88,"C15i, a; C16i; C17i, a; C18i; C19i, a",C9-C20,,-,,no,no,yes,no,yes,58.1,"APAA16, APAA18, APAA20",5.4,0.065,-27.028,-29.647,-2.619
ENC182,TSJ,TSJ12IAE,Tenshoji,Chubu,Central Highlands,Yamanashi,35.3339,138.569,Early to Middle Yayoi,,Cooking vessel,X,,X,4045,C14:0-C28:0,C18:1,0.53,"C15i, a; C16i; C17i, a; C18i; C19i, a",C9-C18,,,,no,no,yes,no,yes,61.4,"APAA16, APAA18, APAA20",5,0.078,-27.332,-30.003,-2.671
ENC183,TSJ,TSJ13IAE,Tenshoji,Chubu,Central Highlands,Yamanashi,35.3339,138.569,Early to Middle Yayoi,,Cooking vessel,X,X,X,3306,C10:0-C32:0,C18:1,0.74,"C14i; C15i, a; C16i; C17i, a; C18i; C19i, a",C9-C20,,,,no,no,yes,no,yes,58.1,"APAA16, APAA18, APAA20",6.1,0.034,-26.945,-29.59,-2.645
ENC184,TSJ,TSJ14IAE,Tenshoji,Chubu,Central Highlands,Yamanashi,35.3339,138.569,Early to Middle Yayoi,,Cooking vessel,X,X,X,2912,C12:0-C30:0,C18:1,0.68,"C14i; C15i, a; C16i; C17i, a; C18i; C19i, a",C9-C19,,-,,no,no,no?,no,yes,48.6,"APAA16, APAA18, APAA20",2.8,0.06,-26.931,-29.508,-2.577
ENC185,TSJ,TSJ15IAE,Tenshoji,Chubu,Central Highlands,Yamanashi,35.3339,138.569,Early to Middle Yayoi,,Cooking vessel,X,X,X,1708,C12:0-C32:0,C18:1; C18:2,0.63,"C14i; C15i, a; C16i; C17i, a; C18i; C19i, a; C20i; C21i, a; C22i",C9-C20,,-,yes,no,no,no,no,no,,,,,-26.888,-28.797,-1.909
ENC488,MMZ,MMZ001I,Mamizuka,Chubu,Tokai,Aichi,35.29225684,136.821261,Final Jomon,,Cooking vessel,X,,,16,C16:0-C18:0,C18:1,1.58,-,,,Methyl-DHA,,,,yes,yes,yes,77.7,,,,-27.731,-28.3,-0.569
ENC489,MMZ,MMZ002I,Mamizuka,Chubu,Tokai,Aichi,35.29225684,136.821261,Final Jomon,,Cooking vessel,X,X,,17,C16:0-C18:0,C18:1,1.92,,,,Methyl-DHA; 7-oxo-DHA,,,,yes,yes,yes,60.4,,,,-26.19,-27.803,-1.613
ENC490,MMZ,MMZ003I,Mamizuka,Chubu,Tokai,Aichi,35.29225684,136.821261,Final Jomon,,Cooking vessel,X,X,,16,C14:0-C28:0,C18:1,1.78,,,,Methyl-DHA; 7-oxo-DHA,,,,yes,yes,,54.5,,,,-26.501,-26.125,0.376
ENC491,MMZ,MMZ004I,Mamizuka,Chubu,Tokai,Aichi,35.29225684,136.821261,Final Jomon,,Cooking vessel,X,X,,35,,,2.84,,,,Methyl-DHA,,,,yes,yes,yes,,,,,-25.301,-26.282,-0.981
ENC492,MMZ,MMZ005I,Mamizuka,Chubu,Tokai,Aichi,35.29225684,136.821261,Final Jomon,,Cooking vessel,X,,X,29,C12:0-C30:0,C18:1,1.59,,,,Methyl-DHA; 7-oxo-DHA,,no,no,yes,yes,no,75.6,,,,-28.109,-28.266,-0.157
ENC493,MMZ,MMZ006I,Mamizuka,Chubu,Tokai,Aichi,35.29225684,136.821261,Final Jomon,,Cooking vessel,X,,X,16,C14:0-C28:0,C18:1,1.83,,,,-,,no,no,yes,yes,yes,,,,,-27.081,-26.299,0.782
ENC494,MMZ,MMZ007I,Mamizuka,Chubu,Tokai,Aichi,35.29225684,136.821261,Final Jomon,,Cooking vessel,X,,X,78,C14:0-C28:0,C18:1,1.56,,,,-,,no,no,yes,yes,yes,82.8,,,,-27.357,-28.626,-1.269
ENC495,MMZ,MMZ008I,Mamizuka,Chubu,Tokai,Aichi,35.29225684,136.821261,Final Jomon,,Cooking vessel,X,X,X,134,C12:0-C30:0,C18:1,3.4,,C8-C11,,,,no,no,yes,yes,yes,83.4,,,,-21.985,-22.087,-0.102
ENC496,MMZ,MMZ009I,Mamizuka,Chubu,Tokai,Aichi,35.29225684,136.821261,Final Jomon,,Cooking vessel,X,,,78,C14:0-C28:0,C18:1,2.67,"C15i, a; C17i, a",,,,,,,yes,yes,yes,84.7,,,,-27.067,-27.488,-0.421
ENC497,MMZ,MMZ010I,Mamizuka,Chubu,Tokai,Aichi,35.29225684,136.821261,Final Jomon,,Cooking vessel,X,,,18,C14:0-C28:0,C16:1; C18:1,9.11,"C15i, a; C17i, a",,,,,,,yes,yes,yes,65.4,,,,-28.916,-29.748,-0.832
ENC498,MMZ,MMZ011I,Mamizuka,Chubu,Tokai,Aichi,35.29225684,136.821261,Final Jomon,,Cooking vessel,X,,,24,C14:0-C28:0,C18:1,1.44,"C15i, a; C17i, a",,,,,,,yes,yes,yes,75.4,,,,-28.023,-28.789,-0.766
ENC499,MMZ,MMZ012I,Mamizuka,Chubu,Tokai,Aichi,35.29225684,136.821261,Final Jomon,,Cooking vessel,X,X,X,51,C14:0-C28:0,C18:1,2.47,"C15i, a; C17i, a",C9-C12,,,,no,no,yes,yes,yes,84.3,"APAA16, APAA18, APAA20",4.5,0.234,-20.708,-23.193,-2.485
ENC500,MMZ,MMZ013I,Mamizuka,Chubu,Tokai,Aichi,35.29225684,136.821261,Final Jomon,,Cooking vessel,X,,,31,C12:0-C30:0,C18:1,1.77,"C15i, a; C17i, a",,,Methyl-DHA,,,,yes,yes,yes,81.5,APAA18,0.7,,-28.834,-29.223,-0.389
ENC501,MMZ,MMZ014I,Mamizuka,Chubu,Tokai,Aichi,35.29225684,136.821261,Final Jomon,,Cooking vessel,X,,,45,,,1.22,,,,,,,,yes,yes,yes,78.6,APAA18,2.8,,-27.972,-29.026,-1.054
ENC502,MMZ,MMZ015I,Mamizuka,Chubu,Tokai,Aichi,35.29225684,136.821261,Final Jomon,,Cooking vessel,X,,,24,,,1.69,,,,,,,,yes,yes,yes,59.9,,,,-27.85,-28.518,-0.668
ENC503,MMZ,MMZ016I,Mamizuka,Chubu,Tokai,Aichi,35.29225684,136.821261,Final Jomon,,Cooking vessel,X,,X,21,,,2.09,,,,,,no,no,yes,yes,yes,54.6,,,,-27.254,-28.67,-1.416
ENC504,MMZ,MMZ017I,Mamizuka,Chubu,Tokai,Aichi,35.29225684,136.821261,Final Jomon,,Cooking vessel,X,,,33,C12:0-C30:0,C18:1,2.16,"C15i, a; C17i, a",,,Methyl-DHA,,,,yes,yes,yes,71.3,,,,-30.505,-29.786,0.719
ENC505,MMZ,MMZ018I,Mamizuka,Chubu,Tokai,Aichi,35.29225684,136.821261,Final Jomon,,Cooking vessel,X,,,39,,,1.1,,,,,,,,yes,yes,yes,74.9,,,,-29.064,-30.888,-1.824
ENC506,MMZ,MMZ019I,Mamizuka,Chubu,Tokai,Aichi,35.29225684,136.821261,Final Jomon,,Cooking vessel,X,,,27,C12:0-C30:0,C18:1,2.02,"C15i, a; C17i, a",,,,,,,yes,yes,yes,51.3,,,,-27.798,-29.019,-1.221
ENC507,MMZ,MMZ020I,Mamizuka,Chubu,Tokai,Aichi,35.29225684,136.821261,Final Jomon,,Cooking vessel,X,,,25,C14:0-C28:0,C16:1; C18:1,1.81,"C15i, a; C17i, a",,,,,,,yes,yes,yes,53.8,,,,-27.314,-28.395,-1.081
ENC508,MMZ,MMZ021I,Mamizuka,Chubu,Tokai,Aichi,35.29225684,136.821261,Final Jomon,,Cooking vessel,X,X,X,85,C12:0-C28:0,"C14:1, C16:1, C18:1, C20:1",1.35,"C15i, a; C17i, a",C8-C12,,Methyl-DHA,,no,no,yes,yes,yes,84.7,"APAA16, APAA18",5.9,,-26.402,-28.131,-1.729
ENC509,MMZ,MMZ022I,Mamizuka,Chubu,Tokai,Aichi,35.29225684,136.821261,Final Jomon,,Cooking vessel,X,,,18,C14:0-C28:0,C16:1; C18:1,1.61,"C15i, a; C17i, a",,,-,,,,yes,yes,yes,50,,,,-27.905,-28.849,-0.944
ENC510,MMZ,MMZ023I,Mamizuka,Chubu,Tokai,Aichi,35.29225684,136.821261,Final Jomon,,Cooking vessel,X,,,93,C8:0-C34:0,C16:1; C18:1,0.39,"C15i, a; C17i, a",C20-C22,,-,,,,yes,yes,yes,52.2,,,,-29.262,-31.305,-2.043
ENC511,MMZ,MMZ024I,Mamizuka,Chubu,Tokai,Aichi,35.29225684,136.821261,Final Jomon,,Cooking vessel,X,X,,4,C16:0-C18:0,-,,-,,,-,,,,yes,yes,yes,,,,,-26.851,-26.739,0.112
ENC512,MMZ,MMZ025I,Mamizuka,Chubu,Tokai,Aichi,35.29225684,136.821261,Final Jomon,,Cooking vessel,X,X,,39,C14:0-C24:0,C18:1,1.84,"C15i, a; C17i, a",C9-13,,-,,,,yes,yes,yes,76.3,APAA18,5.4,,-22.34,-24.151,-1.811
ENC513,MMZ,MMZ026I,Mamizuka,Chubu,Tokai,Aichi,35.29225684,136.821261,Final Jomon,,Cooking vessel,X,X,,127,C10:0-C24:0,"C16:1, C18:1, C20:1",3.72,"C15i, a; C17i, a",C8-C11,,-,,,,yes,yes,yes,88.2,APAA18,1.6,,-25.987,-25.704,0.283
ENC514,MMZ,MMZ027I,Mamizuka,Chubu,Tokai,Aichi,35.29225684,136.821261,Final Jomon,,Cooking vessel,X,,X,20,C10:0-C26:0,C16:1; C18:1,0.22,"C15i, a; C17i, a",,,-,,no,no,yes,yes,yes,79.9,,,,-27.745,-28.572,-0.827
ENC515,MMZ,MMZ028I,Mamizuka,Chubu,Tokai,Aichi,35.29225684,136.821261,Final Jomon,,Cooking vessel,X,,X,18,C14:0-C28:0,C18:1,1.63,"C15i, a; C17i, a",,,-,,no,no,yes,yes,yes,67.3,,,,-28.742,-28.941,-0.199
ENC516,MMZ,MMZ029I,Mamizuka,Chubu,Tokai,Aichi,35.29225684,136.821261,Final Jomon,,Cooking vessel,X,X,,82,C14:0-C28:0,C18:1,9.67,"C15i, a; C17i, a",C8-C18,,-,,,,yes,yes,no,92.1,APAA18,3.9,,-26.605,-26.0406,0.5644
ENC517,MMZ,MMZ030I,Mamizuka,Chubu,Tokai,Aichi,35.29225684,136.821261,Final Jomon,,Cooking vessel,X,X,,35,C14:0-C28:0,C18:1,0.97,"C15i, a; C17i, a",C8-C14,,-,,,,yes,yes,yes,,APAA18,4.9,,-25.833,-28.224,-2.391
ENC518,MMZ,MMZ031I,Mamizuka,Chubu,Tokai,Aichi,35.29225684,136.821261,Final Jomon,,Cooking vessel,X,X,X,102,C14:0-C30:0,C16:1; C18:1,0.97,"C15i, a; C17i, a",C9-C14,,,,no,no,yes,yes,yes,75,,,,-26.874,-27.515,-0.641
ENC519,MMZ,MMZ032I,Mamizuka,Chubu,Tokai,Aichi,35.29225684,136.821261,Final Jomon,,Cooking vessel,X,X,,163,C14:0-C28:0,C18:1,1.42,"C15i, a; C17i, a",C8-C16,,-,,,,yes,yes,no,76.9,"APAA16, APAA18, APAA20, APAA22",1.9,0.075,-21.145,-20.768,0.377
ENC520,MMZ,MMZ033I,Mamizuka,Chubu,Tokai,Aichi,35.29225684,136.821261,Final Jomon,,Cooking vessel,X,,,28,C10:0-C28:0,C16:1; C18:1,1.94,"C15i, a; C17i, a",,,-,,,,yes,yes,yes,,,,,-27.732,-28.126,-0.394
ENC521,MMZ,MMZ034I,Mamizuka,Chubu,Tokai,Aichi,35.29225684,136.821261,Final Jomon,,Cooking vessel,X,,,17,C10:0-C28:0,C16:1; C18:1,1.63,"C15i, a; C17i, a",,,-,,,,yes,yes,yes,74.9,,,,-29.456,-27.768,1.688
ENC522,MMZ,MMZ035I,Mamizuka,Chubu,Tokai,Aichi,35.29225684,136.821261,Final Jomon,,Cooking vessel,X,,,29,C10:0-C32:0,C16:1; C18:1,1.71,"C15i, a; C17i, a",,,-,,,,yes,yes,yes,72.2,APAA18,1.5,,-29.1,-29.283,-0.183
ENC571,UMK,UMK001,Ushimaki,Chubu,Tokai,Aichi,35.207777,136.973055,Final Jomon,,Cooking vessel,X,X,X,33,C12:0-C26:0,C18:1,1.63,,C10-C13,,,,no,no,yes,yes,yes,81.2,"APAA16, APAA18, APAA20",5.3,0.119,-26.9,-27.044,-0.144
ENC572,UMK,UMK002,Ushimaki,Chubu,Tokai,Aichi,35.207777,136.973055,Final Jomon,,Cooking vessel,X,X,X,56,C12:0-C26:0,C18:1,1.08,"C15i, a; C17i, a",-,,,,no,no,yes,yes,no,,,,,-25.797,-25.709,0.088
ENC573,UMK,UMK003,Ushimaki,Chubu,Tokai,Aichi,35.207777,136.973055,Final Jomon,,Cooking vessel,X,X,,98,C12:0-C28:0,"C18:1, C22:1",1.54,"C15i, a; C17i, a",C9-C15,,,,,,yes,yes,yes,72.7,"APAA16, APAA18, APAA20",3.3,0.128,-21.234,-23.99,-2.756
ENC574,UMK,UMK004,Ushimaki,Chubu,Tokai,Aichi,35.207777,136.973055,Final Jomon,,Cooking vessel,X,,,105,C12:0-C30:0,C18:1,0.78,"C15i, a; C17i, a",,,,,,,yes,yes,yes,55.5,APAA18,2.4,,-27.61,-30.455,-2.845
ENC575,UMK,UMK005,Ushimaki,Chubu,Tokai,Aichi,35.207777,136.973055,Final Jomon,,Cooking vessel,X,,,4813,C12:0-C30:0,C18:1,0.71,"C15i, a; C17i, a",,,,,,,yes,yes,yes,100,,,,-30.569,-28.722,1.847
ENC576,UMK,UMK006,Ushimaki,Chubu,Tokai,Aichi,35.207777,136.973055,Final Jomon,,Cooking vessel,X,,,23,C12:0-C30:0,C18:1,1.79,"C15i, a; C17i, a",,,,,,,yes,yes,yes,61.5,,,,-27.188,-26.712,0.476
ENC577,UMK,UMK007,Ushimaki,Chubu,Tokai,Aichi,35.207777,136.973055,Final Jomon,,Cooking vessel,X,X,,13,C12:0-C26:0,"C18:1, C22:1",0.86,"C15i, a; C17i, a",,,,,,,yes,yes,yes,51.2,,,,-26.346,-24.773,1.573
ENC578,UMK,UMK008,Ushimaki,Chubu,Tokai,Aichi,35.207777,136.973055,Final Jomon,,Cooking vessel,X,,,11,C12:0-C26:0,C18:1,1.35,"C15i, a; C17i, a",,,,,,,yes,yes,yes,57.9,,,,-28.3531,-28.2706,0.0825
ENC579,UMK,UMK009,Ushimaki,Chubu,Tokai,Aichi,35.207777,136.973055,Final Jomon,,Cooking vessel,X,,,11,C12:0-C26:0,C18:1,1.17,"C15i, a; C17i, a",,,,,,,yes,yes,yes,53.3,,,,-27.2427,-25.5143,1.7284
ENC580,UMK,UMK010,Ushimaki,Chubu,Tokai,Aichi,35.207777,136.973055,Final Jomon,,Cooking vessel,X,,,7,C12:0-C24:0,C18:1,2.24,"C15i, a; C17i, a",,,,,,,yes,yes,yes,45.8,,,,-27.587,-27.236,0.351
ENC581,UMK,UMK011,Ushimaki,Chubu,Tokai,Aichi,35.207777,136.973055,Final Jomon,,Cooking vessel,X,X,,12,C12:0-C30:0,C18:1,1.5,"C15i, a; C17i, a",C10-C12,,,,,,yes,yes,yes,50,,,,-26.964,-26.386,0.578
ENC582,UMK,UMK012,Ushimaki,Chubu,Tokai,Aichi,35.207777,136.973055,Final Jomon,,Cooking vessel,X,X,,17,C12:0-C30:0,C18:1,1.37,"C15i, a; C17i, a",C10-C12,,Methyl-DHA,,,,yes,yes,yes,51.9,,,,-25.094,-25.555,-0.461
ENC583,UMK,UMK013,Ushimaki,Chubu,Tokai,Aichi,35.207777,136.973055,Final Jomon,,Cooking vessel,X,X,,33,C12:0-C30:0,C18:1,1.41,"C15i, a; C17i, a",,,,,,,yes,yes,yes,88.9,,,,-26.928,-26.129,0.799
ENC584,UMK,UMK014,Ushimaki,Chubu,Tokai,Aichi,35.207777,136.973055,Final Jomon,,Cooking vessel,X,X,X,200,C10:0-C30:0,C18:1,1.89,"C15i, a; C17i, a",C10-C16,,,,no,no,yes,no,yes,50,,,,-24.402,-28.425,-4.023
ENC585,UMK,UMK015,Ushimaki,Chubu,Tokai,Aichi,35.207777,136.973055,Final Jomon,,Cooking vessel,X,,X,296,C10:0-C30:0,C18:1,0.72,"C15i, a; C17i, a",,,,,no,no,yes,yes,yes,94.6,APAA18,1.1,,-28.346,-30.989,-2.643
ENC586,UMK,UMK016,Ushimaki,Chubu,Tokai,Aichi,35.207777,136.973055,Final Jomon,,Cooking vessel,X,,X,160,C10:0-C30:0,C18:1,0.74,"C15i, a; C17i, a",,,,,no,no,yes,yes,yes,58.5,APAA18,0.9,,-29.254,-31.289,-2.035
ENC587,UMK,UMK017,Ushimaki,Chubu,Tokai,Aichi,35.207777,136.973055,Final Jomon,,Cooking vessel,X,X,,28,C12:0-C28:0,C16:1; C18:1,0.6,"C15i, a; C17i, a",,C27-C29,,,,,yes,yes,yes,53.6,,,0.067,-23.491,-24.157,-0.666
ENC588,UMK,UMK018,Ushimaki,Chubu,Tokai,Aichi,35.207777,136.973055,Final Jomon,,Cooking vessel,X,,,27,C14:0-C26:0,"C18:1, C20:1, C22:1",1.51,"C15i, a; C17i, a",C9-C16,,,,,,yes,yes,yes,82.8,"APAA16, APAA18, APAA20, APAA22(tr)",4.1,,-26.333,-27.459,-1.126
ENC589,UMK,UMK019,Ushimaki,Chubu,Tokai,Aichi,35.207777,136.973055,Final Jomon,,Cooking vessel,X,X,,95,C10:0-C32:0,C18:1,0.94,"C15i, a; C17i, a",C9-C16,,,,,,yes,yes,yes,55.9,,,0.154,-26.849,-28.591,-1.742
ENC590,UMK,UMK020,Ushimaki,Chubu,Tokai,Aichi,35.207777,136.973055,Final Jomon,,Cooking vessel,X,X,X,153,C14:0-C26:0,C18:1,4.07,"C15i, a; C17i, a",C9-C18,,,,no,no,yes,yes,yes,73.9,"APAA16, APAA18, APAA20, APAA22",4.9,,-23.609,-25.694,-2.085
ENC591,UMK,UMK021,Ushimaki,Chubu,Tokai,Aichi,35.207777,136.973055,Final Jomon,,Cooking vessel,X,X,,9,,,1.09,,,,,,,,no,no,yes,50,,,,-25.6,-26.204,-0.604
ENC592,UMK,UMK022,Ushimaki,Chubu,Tokai,Aichi,35.207777,136.973055,Final Jomon,,Cooking vessel,X,X,,94,C10:0-C32:0,C18:1,1.72,"C15i, a; C17i, a",,,,,,,yes,yes,yes,66.5,,,,-26.402,-28.894,-2.492
ENC593,UMK,UMK023,Ushimaki,Chubu,Tokai,Aichi,35.207777,136.973055,Final Jomon,,Cooking vessel,X,X,,15,C14:0-C28:0,"C18:1, C20:1",0.76,,C10-C16,,,,,,yes,yes,yes,5,APAA18,0.4,,-28.049,-29.26,-1.211
ENC594,UMK,UMK024,Ushimaki,Chubu,Tokai,Aichi,35.207777,136.973055,Final Jomon,,Cooking vessel,X,X,X,158,C16:0-C18:0,C18:1,5.2,,C9-C16,,,,no,no,yes,yes,yes,70.6,APAA18,0.3,,-26.812,-29.558,-2.746
ENC595,UMK,UMK025,Ushimaki,Chubu,Tokai,Aichi,35.207777,136.973055,Final Jomon,,Cooking vessel,X,X,X,160,C14:0-C32:0,C16:1; C18:1,1.03,"C15i, a; C17i, a",C9-C16,,,,no,no,no,no,no,65.6,,,,-27.204,-29.515,-2.311
ENC596,UMK,UMK026,Ushimaki,Chubu,Tokai,Aichi,35.207777,136.973055,Final Jomon,,Cooking vessel,X,X,,50,C12:0-C30:0,C18:1,0.52,"C15i, a; C17i, a",C10-C16,,,,,,yes,yes,yes,,,,,-26.647,-26.089,0.558
ENC597,UMK,UMK027,Ushimaki,Chubu,Tokai,Aichi,35.207777,136.973055,Final Jomon,,Cooking vessel,X,X,,11,C14:0-C30:0,C16:1; C18:1,0.96,"C15i, a; C17i, a",,,,,,,yes,yes,yes,90.3,,,,-25.088,-24.833,0.255
ENC599,UMK,UMK028,Ushimaki,Chubu,Tokai,Aichi,35.207777,136.973055,Final Jomon,,Cooking vessel,X,X,X,13,C16:0-C18:0,C16:1; C18:1,2.28,,,,-,,no,no,yes,yes ,no,0,,,,-24.541,-26.442,-1.901
ENC600,UMK,UMK029,Ushimaki,Chubu,Tokai,Aichi,35.207777,136.973055,Final Jomon,,Cooking vessel,X,X,,543,C12:0-C28:0,C18:1,0.77,"C15i, a; C17i, a",C8-C16,,-,,,,yes,yes ,yes,60.8646,"APAA18, APAA20",4.5,0.066,-26.431,-29.585,-3.153
ENC601,UMK,UMK030,Ushimaki,Chubu,Tokai,Aichi,35.207777,136.973055,Final Jomon,,Cooking vessel,X,X,,37,C12:0-C28:0,"C16:1, C18:1, C20:1, C22:1, C23:1",1.47,"C15i, a; C17i, a",,,,,,,yes,yes ,no,0,,,,-25.915,-25.831,0.084
ENC602,UMK,UMK031,Ushimaki,Chubu,Tokai,Aichi,35.207777,136.973055,Final Jomon,,Cooking vessel,X,X,X,277,C14:0-C32:0,-,0.5,,,C27-C29,,,no,no,yes,yes ,yes,68.94175,,,,-25.994,-28.739,-2.745
ENC603,UMK,UMK032,Ushimaki,Chubu,Tokai,Aichi,35.207777,136.973055,Final Jomon,,Cooking vessel,X,X,,21,C14:0-C30:0,C18:1,1.08,,,,,,,,yes,yes ,yes,70.76023,,,,-27.879,-28.84,-0.961
ENC604,UMK,UMK033,Ushimaki,Chubu,Tokai,Aichi,35.207777,136.973055,Final Jomon,,Cooking vessel,X,X,,19,C14:0-C28:0,C18:1,1.71,"C15i, a; C17i, a",,,-,,,,yes,yes ,no,0,,,,-24.039,-25.13,-1.091
ENC605,UMK,UMK034,Ushimaki,Chubu,Tokai,Aichi,35.207777,136.973055,Final Jomon,,Cooking vessel,X,X,,20,C12:0-C30:0,C16:1; C18:1,1.62,,C9-C11,,-,,,,yes,yes ,no,0,APAA18,1.9,,-26.154,-27.149,-0.994
ENC606,UMK,UMK035,Ushimaki,Chubu,Tokai,Aichi,35.207777,136.973055,Final Jomon,,Cooking vessel,X,X,X,85,C14:0-C26:0,C18:1,4.32,"C15i, a; C17i, a",C9-C13,,-,,no,no,yes,yes ,yes ,100,APAA18,3.7,,-29.587,-28.34,1.247
